MIDAS,Lake,Towns,Flushes_p_yr,Trop_Cat,Dam,Major_Drainage,Sub_Drainage,HUC10_Name,HUC10_Code,USGS_Quad24,County,UTM_X,UTM_Y,Latitude,Longitude,WQ_Statement,Invasives,Fishery,Area_sq_m,Perim_km,D_Mean_m,D_Max_m,Volume_m3,DDrain_ha,TDrain_ha,Elev_m
299,Wat-Tuh Lake,Phippsburg,7.6000000000000005,EUTRO,surface increased <50%,COASTAL,COASTAL,Casco Bay Coastal Drainages,106000106,Phippsburg,Sagadahoc,430797,4846767,43.77072157,-69.85985211,n/a,None known,Warmwater,97124.55,0.27,1.8,3.7,165202,202,NA,1.5
361,Crocker Pond,Albany Twp,4.85,MESO,no dam,PRESUMPSCOT,SONGO-CROOKED,Sebago Lake,106000101,East Stoneham,Oxford,354505,4907766,44.30858571,-70.8242077,n/a,None known,Coldwater,40468.56,0.08,2.1,4,99869,79,82.88,251.2
511,Duck Pond,Standish,1.61,NA,NA,PRESUMPSCOT,PRESUMPSCOT,Sebago Lake,106000101,Sebago Lake,Cumberland,371955,4849710,43.78936821,-70.59145546,n/a,None known,n/a,44515.42,0.14,NA,NA,142201,38,44.03,99.1
513,unnamed pond,Standish,NA,NA,NA,PRESUMPSCOT,PRESUMPSCOT,Sebago Lake,106000101,Sebago Lake,Cumberland,375451,4851093,43.80241179,-70.54834726,n/a,None known,n/a,32374.85,0.06,NA,NA,NA,NA,NA,83.8
515,Aldens Pond,Gorham,NA,MESO,surface increased >50%,PRESUMPSCOT,PRESUMPSCOT,Presumpscot River,106000103,Gorham,Cumberland,382841,4837639,43.68252814,-70.45356815,n/a,None known,No fishery,4046.86,0.03,1.2,2.7,NA,NA,44.03,57.9
517,Beaver Pond,Westbrook,NA,NA,no dam,COASTAL,COASTAL,Presumpscot River,106000103,Portland West,Cumberland,390031,4836515,43.67350481,-70.3641685,n/a,None known,Coldwater + Warmwater,16187.43,0.1,NA,NA,NA,NA,NA,22.9
519,unnamed pond,Standish,NA,NA,NA,PRESUMPSCOT,PRESUMPSCOT,Sebago Lake,106000101,Sebago Lake,Cumberland,375198,4851917,43.80978616,-70.55167783,n/a,None known,n/a,198295.96,0.23,NA,NA,NA,NA,202.02,82.3
523,unnamed pond,Standish,NA,NA,NA,PRESUMPSCOT,PRESUMPSCOT,Sebago Lake,106000101,Sebago Lake,Cumberland,373538,4853189,43.82095786,-70.57261632,n/a,None known,n/a,24281.14,0.26,NA,NA,NA,NA,160.58,81.4
529,Mild Pond,Falmouth,NA,MESO,no dam,PRESUMPSCOT,PRESUMPSCOT,Presumpscot River,106000103,Portland West,Cumberland,399049,4840345,43.70925899,-70.25303428,n/a,None known,No fishery,28327.99,0.1,1.5,2.7,NA,NA,NA,4.6
535,unnamed pond,West Bath,NA,NA,NA,NA,NA,Casco Bay Coastal Drainages,106000106,Bath,Sagadahoc,431797,4858527,43.87668793,-69.8489338,n/a,None known,n/a,72843.42,0.21,NA,NA,NA,NA,NA,1.5
537,unnamed pond,Brunswick,NA,NA,NA,NA,NA,Casco Bay Coastal Drainages,106000106,Brunswick,Cumberland,426050,4859764,43.88727272,-69.92062164,n/a,None known,n/a,12140.57,0.1,NA,NA,NA,NA,NA,4.6
539,unnamed pond,Brunswick,NA,NA,NA,NA,NA,Casco Bay Coastal Drainages,106000106,Brunswick,Cumberland,423228,4860704,43.89544131,-69.95589051,n/a,None known,n/a,8093.71,0.06,NA,NA,NA,NA,NA,16.8
541,Coffin Pond,Brunswick,NA,MESO,no dam,MERRYMEETING BAY,MERRYMEETING BAY,Casco Bay Coastal Drainages,106000106,Brunswick,Cumberland,423099,4860924,43.89740989,-69.95751896,n/a,None known,No fishery,16187.43,0.08,1.5,4,NA,NA,233.1,13.7
1855,unnamed pond,Windham,NA,NA,NA,NA,NA,Sebago Lake,106000101,North Windham,Cumberland,383900,4857444,43.86095394,-70.44471988,n/a,None known,n/a,8093.71,0.05,NA,NA,NA,NA,NA,96
2779,unnamed pond,Waterford,NA,NA,NA,PRESUMPSCOT,SONGO-CROOKED,Sebago Lake,106000101,Greenwood,Oxford,362115,4901895,44.25723618,-70.72729327,n/a,None known,n/a,4046.86,0.03,NA,NA,NA,NA,1566.94,176.8
2781,unnamed pond,Norway,NA,NA,NA,PRESUMPSCOT,SONGO-CROOKED,Sebago Lake,106000101,Greenwood,Oxford,366946,4902200,44.26088404,-70.66687498,n/a,None known,n/a,8093.71,0.05,NA,NA,NA,NA,46.62,237.7
2785,unnamed pond,Albany Twp,NA,NA,NA,PRESUMPSCOT,SONGO-CROOKED,Sebago Lake,106000101,Greenwood,Oxford,364218,4904248,44.27880677,-70.70157129,n/a,None known,n/a,4046.86,0.03,NA,NA,NA,NA,NA,313.9
2789,unnamed pond,Portland,NA,NA,NA,COASTAL,COASTAL,Casco Bay Coastal Drainages,106000106,Portland West,Cumberland,397601,4834696,43.65821289,-70.26994113,n/a,None known,n/a,2023.43,NA,NA,NA,NA,NA,NA,4.6
2793,unnamed pond,Portland,NA,NA,NA,COASTAL,COASTAL,Fore River,106000105,Portland West,Cumberland,396742,4837524,43.68354766,-70.28112704,n/a,None known,n/a,4046.86,0.03,NA,NA,NA,NA,15.54,16.8
2797,unnamed pond,Portland,NA,NA,NA,COASTAL,COASTAL,Fore River,106000105,Portland West,Cumberland,394824,4837612,43.68407548,-70.30493643,n/a,None known,n/a,8093.71,0.03,NA,NA,NA,NA,28.49,21.3
2799,unnamed pond,Portland,NA,NA,NA,COASTAL,COASTAL,Fore River,106000105,Portland West,Cumberland,395301,4837807,43.68589954,-70.29906212,n/a,None known,n/a,4046.86,0.02,NA,NA,NA,NA,31.08,25.9
2865,unnamed pond,Falmouth,NA,NA,NA,PRESUMPSCOT,PRESUMPSCOT,Presumpscot River,106000103,Portland West,Cumberland,393222,4843596,43.7377076,-70.32599939,n/a,None known,n/a,4046.86,0.03,NA,NA,NA,NA,NA,83.8
2867,unnamed pond,Falmouth,NA,NA,NA,PRESUMPSCOT,PRESUMPSCOT,Presumpscot River,106000103,Portland West,Cumberland,393355,4843699,43.73865453,-70.32436585,n/a,None known,n/a,8093.71,0.05,NA,NA,NA,NA,NA,83.8
2871,unnamed pond,Gorham,NA,NA,NA,PRESUMPSCOT,PRESUMPSCOT,Presumpscot River,106000103,Gorham,Cumberland,384306,4838769,43.69292537,-70.43564317,n/a,None known,n/a,32374.85,0.14,NA,NA,NA,NA,349.65,35.1
2873,unnamed pond,Gorham,NA,NA,NA,PRESUMPSCOT,PRESUMPSCOT,Presumpscot River,106000103,Gorham,Cumberland,384861,4843204,43.73293549,-70.42970649,n/a,None known,n/a,12140.57,0.08,NA,NA,NA,NA,142.45,36.6
2875,unnamed pond,Gorham,NA,NA,NA,PRESUMPSCOT,PRESUMPSCOT,Fore River,106000105,Gorham,Cumberland,385653,4834149,43.65154681,-70.41795886,n/a,None known,n/a,4046.86,0.03,NA,NA,NA,NA,NA,45.7
3188,Foster Pond,Bridgton,0.97,MESO,no dam,PRESUMPSCOT,PRESUMPSCOT,Sebago Lake,106000101,North Sebago,Cumberland,364720,4869484,43.96604363,-70.68636222,Above average,None known,Coldwater + Warmwater,602981.61,0.4,5.2,8.5,2941203,435,468.79,143
3208,Mud Pond,Albany Twp,NA,NA,NA,PRESUMPSCOT,SONGO-CROOKED,Sebago Lake,106000101,North Waterford,Oxford,357829,4900277,44.24185296,-70.7805206,n/a,None known,n/a,8093.71,0.05,NA,NA,NA,NA,10.36,172.2
3210,Proctor Pond,"Stoneham, Albany Twp",NA,EUTRO,no dam,PRESUMPSCOT,SONGO-CROOKED,Sebago Lake,106000101,North Waterford,Oxford,356588,4900496,44.24358363,-70.79611294,n/a,None known,Warmwater,133546.26,0.16,2.4,4.6,NA,NA,3185.69,175.9
3214,Weymouth Pond,Stoneham,1.2,MESO,no dam,PRESUMPSCOT,SONGO-CROOKED,Sebago Lake,106000101,North Waterford,Oxford,356125,4898882,44.22896536,-70.80146282,n/a,None known,Warmwater,76890.27,0.13,2.7,5.8,216426,41,49.21,216.4
3216,Whitney Pond,Stoneham,41,MESO,surface increased <50%,PRESUMPSCOT,SONGO-CROOKED,Sebago Lake,106000101,North Waterford,Oxford,356724,4899254,44.2324289,-70.79407232,n/a,None known,Warmwater,24281.14,0.06,0.9,1.5,19332,93,145.04,179.8
3228,Duck Pond,Waterford,1.7,EUTRO,no dam,PRESUMPSCOT,SONGO-CROOKED,Sebago Lake,106000101,North Waterford,Oxford,358419,4893063,44.17704754,-70.77118366,n/a,None known,Warmwater,153780.54,0.16,1.8,3,450004,125,139.86,326.1
3230,Black Pond,Sweden,14.3,MESO,NA,PRESUMPSCOT,SONGO-CROOKED,Sebago Lake,106000101,North Waterford,Oxford,356092,4889574,44.14520147,-70.7993323,n/a,None known,n/a,64749.7,0.1,NA,NA,210002,485,492.1,150.9
3234,Stearns Pond,Sweden,1.6,MESO,no dam,PRESUMPSCOT,SONGO-CROOKED,Sebago Lake,106000101,Pleasant Mtn,Oxford,357805,4886983,44.12222006,-70.77722156,Average,None known,Coldwater + Warmwater,1003620.39,0.5,8.2,14.3,8128747,1665.99,2398.33,134.1
3262,Songo Pond,"Bethel, Albany Twp",1.95,MESO,no dam,PRESUMPSCOT,SONGO-CROOKED,Sebago Lake,106000101,East Stoneham,Oxford,357271,4913481,44.36056252,-70.79110738,Average,None known,Coldwater + Warmwater,793183.86,0.56,2.7,7.6,2481668,748,828.8,198.4
3264,Broken Bridge Pond,Albany Twp,1.9000000000000001,MESO,surface increased <50%,PRESUMPSCOT,SONGO-CROOKED,Sebago Lake,106000101,East Stoneham,Oxford,355051,4908033,44.31110114,-70.81743787,n/a,None known,Coldwater + Warmwater,80937.13,0.14,3.7,7.6,315003,106,113.96,242
3265,unnamed pond,Albany Twp,NA,NA,NA,NA,NA,Sebago Lake,106000101,East Stoneham,Oxford,359750,4905006,44.28478059,-70.75773677,n/a,None known,n/a,20234.28,0.06,NA,NA,NA,NA,NA,283.2
3266,Kneeland Pond,Albany Twp,24.6,NA,NA,PRESUMPSCOT,SONGO-CROOKED,Sebago Lake,106000101,East Stoneham,Oxford,356963,4904269,44.27760421,-70.79245446,n/a,None known,Warmwater,64749.7,0.14,NA,NA,186002,536,826.21,179.5
3267,Sunken Pond,Albany Twp,NA,NA,NA,PRESUMPSCOT,SONGO-CROOKED,Sebago Lake,106000101,East Stoneham,Oxford,355148,4908700,44.31711969,-70.81641134,n/a,None known,n/a,4046.86,0.03,NA,NA,NA,NA,54.39,246.9
3268,Little Papoose Pond,Albany Twp,2.6,MESO,no dam,PRESUMPSCOT,SONGO-CROOKED,Sebago Lake,106000101,East Stoneham,Oxford,356535,4902515,44.26173674,-70.79732689,n/a,None known,Warmwater,80937.13,0.18,1.5,2.4,232002,102,119.14,167.6
3270,Chalk Pond,Albany Twp,1.3,MESO,no dam,PRESUMPSCOT,SONGO-CROOKED,Sebago Lake,106000101,East Stoneham,Oxford,359721,4902185,44.25939083,-70.75734214,n/a,None known,No fishery,105218.27,0.14,0.6,1.2,314003,60,69.93,216.4
3272,Keewaydin Lake,Stoneham,2.64,MESO,surface increased <50%,PRESUMPSCOT,SONGO-CROOKED,Sebago Lake,106000101,East Stoneham,Oxford,353474,4902743,44.26318061,-70.83572163,n/a,None known,Coldwater + Warmwater,1064323.24,0.72,5.2,15.8,5134002,1222.99,2276.6,206
3274,Virginia Lake,Stoneham,2.7,MESO,surface increased <50%,PRESUMPSCOT,SONGO-CROOKED,Sebago Lake,106000101,East Stoneham,Oxford,351231,4903645,44.27084455,-70.86406693,n/a,None known,Coldwater + Warmwater,586794.18,0.43,3,8.5,1891375,748,808.08,249.9
3370,Holt Pond,Bridgton,46.2,MESO,no dam,PRESUMPSCOT,PRESUMPSCOT,Sebago Lake,106000101,North Sebago,Cumberland,365367,4870666,43.97680097,-70.67859915,Below average,None known,Warmwater,165921.11,0.32,1.8,3,182110,851,1455.57,126.2
3374,Peabody Pond,"Bridgton, Sebago",0.27,MESO,surface increased <50%,PRESUMPSCOT,PRESUMPSCOT,Sebago Lake,106000101,North Sebago,Cumberland,364553,4867137,43.94489173,-70.687834,Above average,None known,Coldwater + Warmwater,2994673.75,1.32,9.8,19.5,30214990,1010.99,1535.86,146.3
3376,Cold Rain Pond,Naples,1.92,MESO,no dam,PRESUMPSCOT,PRESUMPSCOT,Sebago Lake,106000101,North Sebago,Cumberland,366950,4865501,43.93061071,-70.65757698,Average,None known,Coldwater + Warmwater,145686.83,0.27,3.4,11,578427,204,217.56,153.9
3378,Perley Pond,Sebago,1.22,MESO,no dam,PRESUMPSCOT,PRESUMPSCOT,Sebago Lake,106000101,North Sebago,Cumberland,365983,4862213,43.90083831,-70.6687937,n/a,None known,Warmwater,97124.55,0.14,1.8,4.9,195097,33,54.39,127.7
3382,Tricky Pond,Naples,0.14,OLIGO,surface increased <50%,PRESUMPSCOT,PRESUMPSCOT,Sebago Lake,106000101,Naples,Cumberland,370980,4866505,43.9403584,-70.60762856,Above average,None known,Coldwater + Warmwater,1274759.77,0.77,10.1,17.4,12468240,214,347.06,112.5
3384,Browns Pond,Sebago,1.19,NA,surface increased <50%,PRESUMPSCOT,PRESUMPSCOT,Sebago Lake,106000101,North Sebago,Cumberland,361212,4863675,43.91311257,-70.72855734,n/a,None known,Warmwater,453247.92,0.37,NA,9.1,1240010,291,310.8,159.4
3386,Owl Pond,Casco,8.34,EUTRO,no dam,PRESUMPSCOT,SONGO-CROOKED,Sebago Lake,106000101,Naples,Cumberland,379460,4872892,43.99927943,-70.50345648,n/a,None known,Warmwater,84983.98,0.14,2.4,4.6,72840,116,160.58,161.5
3388,Parker Pond,Casco,0.9500000000000001,MESO,no dam,PRESUMPSCOT,SONGO-CROOKED,Sebago Lake,106000101,Naples,Cumberland,378452,4872387,43.99457645,-70.51590971,Above average,Variable water-milfoil,Warmwater,675825.02,0.6,3,5.8,1804110,274,479.15,129.8
3390,Coffee Pond,Casco,0.2,MESO,surface increased <50%,PRESUMPSCOT,PRESUMPSCOT,Sebago Lake,106000101,Raymond,Androscoggin,379819,4870387,43.97679278,-70.49840616,Above average,None known,Coldwater + Warmwater,428966.78,0.4,9.8,21.3,5550047,183,271.95,142.3
3392,Thomas Pond,"Casco, Raymond",0.53,MESO,surface increased <50%,PRESUMPSCOT,PRESUMPSCOT,Sebago Lake,106000101,Naples,Cumberland,379053,4864155,43.92058014,-70.50654394,Above average,None known,Coldwater + Warmwater,2156974.47,1.19,6.7,19.5,12985040,1163.99,1240.6,85
3396,Adams Pond,Bridgton,0.42,MESO,surface increased <50%,PRESUMPSCOT,PRESUMPSCOT,Sebago Lake,106000101,North Sebago,Cumberland,362756,4872742,43.99499987,-70.71166985,Above average,None known,Coldwater + Warmwater,174014.83,0.21,6.1,15.5,1176672,70,113.96,190.5
3402,Otter Pond #1,Standish,1.35,EUTRO,no dam,PRESUMPSCOT,PRESUMPSCOT,Sebago Lake,106000101,Sebago Lake,Cumberland,378306,4846681,43.76217461,-70.51316448,n/a,None known,Warmwater,36421.71,0.08,4.3,9.8,99001,22,NA,76.2
3404,Otter Pond #2,Standish,0.39,EUTRO,no dam,PRESUMPSCOT,PRESUMPSCOT,Sebago Lake,106000101,Sebago Lake,Cumberland,378578,4846479,43.76140755,-70.50844076,n/a,None known,Coldwater + Warmwater,48562.28,0.13,3.4,11.9,248269,14,NA,73.8
3406,Otter Pond #3,Standish,0.36,MESO,no dam,PRESUMPSCOT,PRESUMPSCOT,Sebago Lake,106000101,Sebago Lake,Cumberland,378558,4846640,43.76285181,-70.50872404,n/a,None known,Warmwater,36421.71,0.1,4,7.9,145997,6,NA,73.8
3414,Papoose Pond,Waterford,0.93,EUTRO,no dam,PRESUMPSCOT,SONGO-CROOKED,Sebago Lake,106000101,Waterford Flat,Oxford,363185,4899122,44.23248158,-70.71317454,Below average,None known,Warmwater,283279.95,0.32,2.1,4.6,528004,63,492.1,145.4
3416,Keoka Lake,Waterford,0.67,MESO,surface increased <50%,PRESUMPSCOT,SONGO-CROOKED,Sebago Lake,106000101,Waterford Flat,Oxford,363607,4893272,44.17992025,-70.70636298,Above average,None known,Coldwater + Warmwater,1861553.95,0.72,7.6,12.8,13570069,1474.99,1836.3,150.6
3417,Bog Pond,Waterford,0.98,NA,NA,PRESUMPSCOT,SONGO-CROOKED,Sebago Lake,106000101,Waterford Flat,Oxford,365199,4890671,44.15680302,-70.68579087,n/a,None known,n/a,230670.82,0.23,NA,NA,720006,115,NA,204.2
3418,Long Pond,Waterford,0.47000000000000003,MESO,surface increased <50%,PRESUMPSCOT,SONGO-CROOKED,Sebago Lake,106000101,Waterford Flat,Oxford,365729,4894309,44.18964142,-70.68009352,Above average,None known,Warmwater,1800851.11,0.76,6.7,12.8,12372432,973.99,1149.95,163.7
3420,Bear Pond,Waterford,2.28,MESO,surface increased <50%,PRESUMPSCOT,SONGO-CROOKED,Sebago Lake,106000101,Waterford Flat,Oxford,362627,4890312,44.15309784,-70.71785485,Above average,None known,Coldwater + Warmwater,1011714.11,0.69,9.4,21.9,9851008,2134.99,4118.08,114.6
3424,Little Moose Pond,Waterford,0.59,MESO,surface increased <50%,PRESUMPSCOT,SONGO-CROOKED,Sebago Lake,106000101,Waterford Flat,Oxford,360771,4888589,44.13724339,-70.74059427,Above average,None known,Coldwater + Warmwater,789137,0.6,6.7,13.1,4943091,491,525.77,166.1
3436,Little Pond,Otisfield,2.3,NA,NA,PRESUMPSCOT,SONGO-CROOKED,Sebago Lake,106000101,Norway,Cumberland,373073,4890156,44.15358508,-70.58723525,n/a,None known,n/a,105218.27,0.13,NA,NA,311003,139,137.27,132.6
3442,Dyer Ice Pond,Otisfield,NA,NA,NA,PRESUMPSCOT,SONGO-CROOKED,Sebago Lake,106000101,Casco,Cumberland,376194,4881869,44.07953559,-70.54626961,n/a,None known,n/a,8093.71,0.08,NA,NA,NA,NA,25.9,193.5
3445,Rich Millpond,Standish,19.36,MESO,surface increased >50%,PRESUMPSCOT,PRESUMPSCOT,Sebago Lake,106000101,Sebago Lake,Cumberland,372965,4850925,43.79247823,-70.57313891,n/a,None known,Warmwater,639403.31,0.69,1.5,2.1,241190,802,934.99,87.8
3446,Pleasant Lake,"Casco, Otisfield",0.24,OLIGO,surface increased <50%,PRESUMPSCOT,SONGO-CROOKED,Sebago Lake,106000101,Casco,Cumberland,378011,4877141,44.03728641,-70.52249308,Above average,None known,Coldwater + Warmwater,5390412.75,1.45,8.8,18.9,49493296,1460.99,2548.55,129.8
3448,Island Pond,"Harrison, Waterford",1.28,MESO,surface increased <50%,PRESUMPSCOT,SONGO-CROOKED,Sebago Lake,106000101,Waterford Flat,Cumberland,368652,4891011,44.16049969,-70.64271707,Above average,None known,Coldwater + Warmwater,465388.49,0.35,4.9,14.6,2004993,464,492.1,136.6
3450,Bog Pond,Harrison,3.15,NA,NA,PRESUMPSCOT,SONGO-CROOKED,Sebago Lake,106000101,Casco,Cumberland,370279,4886161,44.11713814,-70.6211769,n/a,None known,n/a,32374.85,0.06,NA,NA,150001,93,101.01,181.4
3452,Crystal Lake,Harrison,1.77,MESO,surface increased <50%,PRESUMPSCOT,SONGO-CROOKED,Sebago Lake,106000101,Waterford Flat,Cumberland,366203,4887239,44.12610164,-70.67236879,Above average,None known,Coldwater + Warmwater,1804897.96,0.68,10.1,19.8,17581818,2193.99,2242.93,94.5
3454,Highland Lake,Bridgton,0.91,MESO,surface increased <50%,PRESUMPSCOT,SONGO-CROOKED,Sebago Lake,106000101,Bridgton,Cumberland,360815,4882211,44.07985546,-70.73835279,Above average,None known,Coldwater + Warmwater,5398506.47,2.62,5.5,15.2,30718338,2063.99,5154.08,129.5
3456,Woods Pond,Bridgton,0.8200000000000001,MESO,surface increased <50%,PRESUMPSCOT,SONGO-CROOKED,Sebago Lake,106000101,Bridgton,Cumberland,360897,4877047,44.03339814,-70.7359812,Average,None known,Coldwater + Warmwater,1869647.67,0.8,4.6,8.8,9734906,1321.99,1403.77,138.4
3458,Otter Pond,Bridgton,1.8900000000000001,MESO,no dam,PRESUMPSCOT,SONGO-CROOKED,Sebago Lake,106000101,Bridgton,Cumberland,365564,4875716,44.02228374,-70.67742442,Average,None known,Warmwater,364217.08,0.31,3,6.4,1001200,320,132.09,119.5
3488,Furlong Pond,"Greenwood, Norway, Albany Twp",2.9,NA,NA,PRESUMPSCOT,SONGO-CROOKED,Sebago Lake,106000101,Greenwood,Oxford,365789,4904392,44.28039222,-70.6819273,n/a,None known,Warmwater,68796.56,0.19,NA,6.1,210002,99,106.19,279.2
3490,Speck Pond #1,"Norway, Waterford",5.4,MESO,no dam,PRESUMPSCOT,SONGO-CROOKED,Sebago Lake,106000101,Greenwood,Oxford,364388,4901985,44.25847869,-70.69886039,n/a,None known,No fishery,12140.57,0.05,NA,NA,60001,16,59.57,245.4
3492,Speck Pond #2,Norway,1.3,MESO,no dam,PRESUMPSCOT,SONGO-CROOKED,Sebago Lake,106000101,Greenwood,Oxford,364197,4902533,44.2633735,-70.70139208,n/a,None known,No fishery,60702.85,0.14,NA,NA,180002,36,41.44,260.6
3494,Hutchinson Pond,Albany Twp,0.3,EUTRO,no dam,PRESUMPSCOT,SONGO-CROOKED,Sebago Lake,106000101,Greenwood,Oxford,363656,4903745,44.27417862,-70.70848416,n/a,None known,Coldwater + Warmwater,356123.37,0.31,4.3,11.6,1666431,58,93.24,278.9
3689,Shaker Bog,"Poland, New Gloucester",0.8,NA,NA,ANDROSCOGGIN,UMBAGOG-RANGELEY,Royal River,106000102,Raymond,Androscoggin,389646,4872101,43.99376456,-70.37627463,n/a,None known,n/a,412779.36,0.77,NA,NA,1714634,213,NA,135.9
3690,Raymond Pond,Raymond,0.93,MESO,surface increased <50%,PRESUMPSCOT,PRESUMPSCOT,Sebago Lake,106000101,Raymond,Cumberland,385499,4869414,43.96894198,-70.42740553,Above average,None known,Warmwater,1392118.61,0.77,4.3,12.8,6900058,1126.99,1326.07,93.6
3692,Nubble Pond,Raymond,1.59,EUTRO,surface increased <50%,PRESUMPSCOT,PRESUMPSCOT,Sebago Lake,106000101,Raymond,Cumberland,381585,4867776,43.95358031,-70.47581747,Below average,None known,Warmwater,84983.98,0.14,6.1,11.3,493004,147,176.12,102.1
3694,Panther Pond,Raymond,0.9400000000000001,MESO,surface increased <50%,PRESUMPSCOT,PRESUMPSCOT,Sebago Lake,106000101,Raymond,Cumberland,382422,4864939,43.92817896,-70.46475643,Above average,None known,Coldwater + Warmwater,5734395.55,2.24,7.9,20.7,41900352,3183.98,7795.86,84.4
3696,Crescent Lake,"Casco, Raymond",1.22,MESO,no dam,PRESUMPSCOT,PRESUMPSCOT,Sebago Lake,106000101,Raymond,Cumberland,383095,4870182,43.97547716,-70.45753277,Above average,None known,Coldwater + Warmwater,2844940.06,1.43,5.2,16.5,16030135,1578.99,3859.08,84.7
3698,Dumpling Pond,Casco,7.5,MESO,surface increased <50%,PRESUMPSCOT,PRESUMPSCOT,Sebago Lake,106000101,Raymond,Androscoggin,380659,4870951,43.98200865,-70.48806123,n/a,None known,Warmwater,125452.55,0.24,2.1,4.3,261986,152,388.5,139.6
3700,Sabbathday Lake,New Gloucester,0.88,MESO,no dam,COASTAL,ROYAL,Royal River,106000102,Gray,Cumberland,391383,4870320,43.97799135,-70.35426387,Above average,None known,Coldwater + Warmwater,1384024.9,0.8,7.3,20.7,11271245,1380.99,1996.88,91.1
3702,Lily Pond,New Gloucester,3.5500000000000003,EUTRO,no dam,COASTAL,ROYAL,Royal River,106000102,Gray,Cumberland,394401,4870795,43.98270441,-70.31672884,n/a,None known,Coldwater + Warmwater,97124.55,0.14,3.7,7,369073,249,248.64,89.9
3704,The Sinkhole,New Gloucester,NA,NA,NA,COASTAL,ROYAL,Royal River,106000102,Gray,Cumberland,392426,4868353,43.96044391,-70.34085679,n/a,None known,No fishery,16187.43,0.05,NA,NA,NA,NA,28.49,96
3706,Notched Pond,"Gray, Raymond",0.9400000000000001,MESO,no dam,COASTAL,ROYAL,Royal River,106000102,Raymond,Cumberland,389422,4867538,43.95265695,-70.37812255,Average,None known,Warmwater,311607.94,0.37,3.4,6.4,1012311,141,220.15,104.9
3708,Crystal Lake,Gray,0.42,MESO,no dam,COASTAL,ROYAL,Royal River,106000102,Gray,Cumberland,390985,4864926,43.92938583,-70.35811696,Above average,None known,Coldwater + Warmwater,748668.44,0.55,7.6,18,6780057,439,484.33,94.2
3712,Forest Lake,"Cumberland, Gray, Windham",1.43,MESO,surface increased <50%,PRESUMPSCOT,PRESUMPSCOT,Presumpscot River,106000103,Cumberland Center,Cumberland,393041,4852864,43.82111201,-70.33008641,Above average,None known,Warmwater,853886.71,0.69,3.7,11.6,3200027,775,857.29,84.1
3713,Pineland Pond,New Gloucester,NA,NA,NA,COASTAL,ROYAL,Royal River,106000102,Gray,Cumberland,399360,4861778,43.90223877,-70.2532089,n/a,None known,Coldwater,4046.86,0.02,NA,NA,NA,NA,NA,96
3714,Little Sebago Lake,"Gray, Windham",0.68,MESO,surface increased <50%,PRESUMPSCOT,PRESUMPSCOT,Presumpscot River,106000103,Raymond,Cumberland,387800,4863383,43.87211613,-70.41866808,Average,Hybrid variable water-milfoil,Coldwater + Warmwater,8130134.55,4.94,4.9,15.8,40245064,3438.98,4895.08,86.9
3716,Pettingill Pond,Windham,1.3,MESO,surface increased <50%,PRESUMPSCOT,PRESUMPSCOT,Sebago Lake,106000101,North Windham,Cumberland,383756,4856768,43.85484564,-70.4463673,Average,None known,Coldwater + Warmwater,174014.83,0.31,3.7,8.8,624151,146,160.58,89.9
3718,Chaffin Pond,Windham,5.8,MESO,NA,PRESUMPSCOT,PRESUMPSCOT,Sebago Lake,106000101,North Windham,Cumberland,383986,4856056,43.84847887,-70.44335113,Above average,None known,Coldwater + Warmwater,52609.13,0.1,NA,NA,180002,32,199.43,88.4
3720,Lower Mud Pond,Windham,4.9,EUTRO,no dam,PRESUMPSCOT,PRESUMPSCOT,Presumpscot River,106000103,North Windham,Cumberland,384487,4856546,43.85296158,-70.437232,n/a,None known,No fishery,16187.43,0.05,1.5,2.4,21985,19,20.72,88.4
3722,Upper Mud Pond,Windham,10.1,MESO,no dam,PRESUMPSCOT,PRESUMPSCOT,Presumpscot River,106000103,North Windham,Cumberland,384586,4856848,43.85569577,-70.43605694,n/a,None known,No fishery,8093.71,0.05,1.2,2.7,13419,25,25.9,88.4
3724,Tarkill Pond,Windham,1.7,EUTRO,no dam,PRESUMPSCOT,PRESUMPSCOT,Presumpscot River,106000103,North Windham,Cumberland,384848,4855469,43.84333146,-70.43250258,n/a,None known,Warmwater,105218.27,0.16,NA,1.5,330003,95,106.19,88.4
3726,Mill Pond,Windham,NA,NA,NA,PRESUMPSCOT,PRESUMPSCOT,Presumpscot River,106000103,North Windham,Cumberland,385371,4855060,43.83972691,-70.42590876,n/a,None known,n/a,64749.7,0.13,NA,NA,NA,NA,4946.88,82.3
3728,Collins Pond,Windham,NA,MESO,surface increased >50%,PRESUMPSCOT,PRESUMPSCOT,Presumpscot River,106000103,North Windham,Cumberland,385328,4854050,43.83063013,-70.42623565,Average,Hybrid variable water-milfoil,Warmwater,174014.83,0.29,2.1,5.5,NA,NA,5024.58,81.7
3730,LIttle Duck Pond,Windham,1.6,MESO,no dam,PRESUMPSCOT,PRESUMPSCOT,Presumpscot River,106000103,Cumberland Center,Cumberland,390612,4851486,43.80835456,-70.36001112,n/a,None known,Warmwater,137593.12,0.24,2.7,4.9,396109,106,119.14,118.9
3732,Dundee Pond,"Gorham, Windham",NA,EUTRO,surface increased >50%,PRESUMPSCOT,PRESUMPSCOT,Presumpscot River,106000103,North Windham,Cumberland,382990,4849383,43.78825894,-70.45428228,n/a,None known,Coldwater + Warmwater,772949.58,0.93,4,12.5,NA,NA,115772.47,57.3
3734,Highland (Duck) Lake,"Falmouth, Westbrook, Windham",0.7000000000000001,MESO,surface increased <50%,PRESUMPSCOT,PRESUMPSCOT,Presumpscot River,106000103,Cumberland Center,Cumberland,390804,4847620,43.77357711,-70.35683626,Above average,None known,Coldwater + Warmwater,2589988.11,1.37,5.8,20.4,17300145,1876.99,2248.11,57.9
3786,Runaround Pond,Durham,31.8,EUTRO,surface increased <50%,COASTAL,ROYAL,Royal River,106000102,North Pownal,Androscoggin,405437,4867592,43.95538054,-70.17858693,n/a,None known,Warmwater,433013.64,1.75,1.5,5.5,549483,3245.98,3366.98,47.2
4325,Blanchard Pond,Cumberland,NA,NA,NA,PRESUMPSCOT,PRESUMPSCOT,Presumpscot River,106000103,Cumberland Center,Cumberland,398161,4850652,43.80192567,-70.26600953,n/a,None known,n/a,4046.86,0.03,NA,NA,NA,NA,80.29,45.7
4990,unnamed pond,Buxton,NA,NA,NA,NA,NA,Presumpscot River,106000103,Standish,York,375302,4840517,43.70719846,-70.54774401,n/a,None known,n/a,4046.86,0.02,NA,NA,NA,NA,NA,96
4992,unnamed pond,Buxton,NA,NA,NA,NA,NA,Fore River,106000105,Standish,York,378970,4831703,43.62847103,-70.50024513,n/a,None known,n/a,12140.57,0.08,NA,NA,NA,NA,NA,53.3
5000,unnamed pond,Buxton,NA,NA,NA,NA,NA,Presumpscot River,106000103,Standish,York,375117,4840367,43.70581626,-70.55000372,n/a,None known,n/a,20234.28,0.1,NA,NA,NA,NA,NA,96
5022,Duck Pond,Buxton,NA,MESO,no dam,COASTAL,COASTAL,Fore River,106000105,Standish,York,378693,4831984,43.63095645,-70.50374727,n/a,None known,No fishery,28327.99,0.1,1.5,2.4,NA,NA,116.55,53.3
5224,Campbell Pond,West Bath,2.34,NA,NA,NA,NA,Casco Bay Coastal Drainages,106000106,Phippsburg,Sagadahoc,432002,4855710,43.8513428,-69.84602187,n/a,None known,No fishery,40468.56,0.1,NA,NA,117001,42,49.21,15.2
5226,Houghton Pond,Bath,2.87,MESO,surface increased >50%,COASTAL,COASTAL,Casco Bay Coastal Drainages,106000106,Phippsburg,Sagadahoc,430183,4854643,43.84157221,-69.8685126,Average,None known,Warmwater,56655.99,0.26,1.8,4.6,78647,34,33.67,28
5228,Sprague Pond,Phippsburg,7.5,EUTRO,no dam,COASTAL,COASTAL,Casco Bay Coastal Drainages,106000106,Phippsburg,Sagadahoc,432846,4848244,43.78420796,-69.83457822,n/a,None known,Warmwater,36421.71,0.08,3.4,7.3,129281,160,163.17,20.7
5637,Upper Hinkley Pond,South Portland,NA,NA,NA,COASTAL,COASTAL,Fore River,106000105,Prouts Neck,Cumberland,398571,4830977,43.62487269,-70.25720916,n/a,None known,Coldwater + Warmwater,12140.57,0.05,NA,NA,NA,NA,NA,15.2
5638,Clark Pond,South Portland,NA,MESO,surface increased <50%,COASTAL,COASTAL,Fore River,106000105,Portland West,Cumberland,393854,4831854,43.63210307,-70.31582916,n/a,None known,No fishery,60702.85,0.58,1.8,4.9,NA,NA,1709.39,4.6
5639,Lower Hinkley Pond,South Portland,NA,NA,NA,COASTAL,COASTAL,Fore River,106000105,Portland West,Cumberland,398730,4831221,43.62709106,-70.25528299,n/a,None known,Coldwater + Warmwater,8093.71,0.05,NA,NA,NA,NA,NA,10.7
5644,Echo Pond,Portland,NA,NA,NA,COASTAL,COASTAL,Casco Bay Coastal Drainages,106000106,Portland East,Cumberland,404421,4835679,43.66797169,-70.18554262,n/a,None known,n/a,1214.06,0.02,NA,NA,NA,NA,2.59,13.7
5648,Great Pond,Cape Elizabeth,2.08,MESO,surface increased <50%,COASTAL,COASTAL,Casco Bay Coastal Drainages,106000106,Cape Elizabeth,Cumberland,400504,4825346,43.57444043,-70.23222369,Below average,None known,Warmwater,692012.45,0.42,1.2,1.5,712459,189,259,4
5678,Big Pond,Phippsburg,1.95,NA,NA,COASTAL,COASTAL,Casco Bay Coastal Drainages,106000106,Small Point,Sagadahoc,432219,4840286,43.71250795,-69.84136673,n/a,None known,No fishery,52609.13,0.1,NA,NA,144001,41,46.62,4.6
5780,Long Lake,"Bridgton, Harrison, Naples",0.9400000000000001,MESO,no dam,PRESUMPSCOT,SONGO-CROOKED,Sebago Lake,106000101,Bridgton,Cumberland,367361,4877333,44.03716959,-70.65541601,Above average,None known,Coldwater + Warmwater,21428104.76,6.13,7,18,160014527,13832.92,29525.86,81.7
5781,Farwell Bog,Raymond,12.56,NA,NA,PRESUMPSCOT,PRESUMPSCOT,Presumpscot River,106000103,Raymond,Cumberland,386635,4863985,43.9202541,-70.41209446,n/a,None known,n/a,32374.85,0.13,NA,NA,180002,425,437.71,102.1
5786,Sebago Lake,"Casco, Naples, Raymond, Sebago, Standish, Windham",0.15,OLIGO,surface increased <50%,PRESUMPSCOT,PRESUMPSCOT,Sebago Lake,106000101,Sebago Lake,Cumberland,375662,4847631,43.86447128,-70.57209112,Above average,Variable water-milfoil,Coldwater + Warmwater,121373317.82,15.8,32.6,96.3,3977033388,45765.74,113959.48,81.4
5822,unnamed pond,Portland,NA,NA,NA,NA,NA,Casco Bay Coastal Drainages,106000106,Portland East,Cumberland,404695,4834355,43.65608843,-70.18190965,n/a,None known,n/a,12140.57,0.05,NA,NA,NA,NA,NA,4.6
5824,unnamed pond,Portland,NA,NA,NA,NA,NA,Casco Bay Coastal Drainages,106000106,Portland East,Cumberland,404465,4835580,43.66708591,-70.1849855,n/a,None known,n/a,4046.86,0.02,NA,NA,NA,NA,NA,9.1
5868,unnamed pond,Phippsburg,NA,NA,NA,NA,NA,Casco Bay Coastal Drainages,106000106,Phippsburg,Sagadahoc,432566,4853417,43.83075457,-69.83871316,n/a,None known,n/a,4046.86,0.02,NA,NA,NA,NA,NA,16.8
5870,unnamed pond,Phippsburg,NA,NA,NA,NA,NA,Casco Bay Coastal Drainages,106000106,Phippsburg,Sagadahoc,432411,4853460,43.83112887,-69.84064798,n/a,None known,n/a,1214.06,0.02,NA,NA,NA,NA,NA,25.9
5872,Birchwood Pond,West Bath,NA,NA,NA,NA,NA,Casco Bay Coastal Drainages,106000106,Phippsburg,Sagadahoc,430738,4853767,43.8337314,-69.861497,n/a,None known,n/a,4046.86,0.02,NA,NA,NA,NA,NA,27.4
5874,unnamed pond,Harpswell,NA,NA,NA,NA,NA,Casco Bay Coastal Drainages,106000106,Orrs Island,Cumberland,428964,4851597,43.8140282,-69.88326014,n/a,None known,n/a,40468.56,0.14,NA,NA,NA,NA,NA,3
5878,unnamed pond,Freeport,NA,NA,NA,NA,NA,Casco Bay Coastal Drainages,106000106,Freeport,Cumberland,410728,4857251,43.86295464,-70.11092486,n/a,None known,n/a,4046.86,0.02,NA,NA,NA,NA,NA,33.5
5880,unnamed pond,Brunswick,NA,NA,NA,NA,NA,Casco Bay Coastal Drainages,106000106,Lisbon Falls South,Cumberland,417562,4860296,43.891154,-70.02635551,n/a,None known,n/a,16187.43,0.08,NA,NA,NA,NA,NA,22.9
5882,unnamed pond,Windham,NA,NA,NA,NA,NA,Presumpscot River,106000103,North Windham,Cumberland,383213,4854135,43.83106076,-70.4525416,n/a,None known,n/a,16187.43,0.1,NA,NA,NA,NA,NA,76.2
5884,Allen Bog Pond,Gray,NA,NA,NA,NA,NA,Presumpscot River,106000103,North Windham,Cumberland,389276,4857996,43.86675385,-70.37796418,n/a,None known,n/a,28327.99,0.14,NA,NA,NA,NA,NA,94.5
5886,unnamed pond,New Gloucester,NA,NA,NA,NA,NA,Royal River,106000102,Gray,Cumberland,392069,4867056,43.9487116,-70.34504362,n/a,None known,n/a,4046.86,0.03,NA,NA,NA,NA,NA,93
5888,unnamed pond,Windham,NA,NA,NA,NA,NA,Sebago Lake,106000101,Raymond,Cumberland,382369,4859104,43.87565773,-70.46412828,n/a,None known,n/a,4046.86,0.03,NA,NA,NA,NA,NA,86.9
5890,unnamed pond,Standish,NA,NA,NA,NA,NA,Sebago Lake,106000101,Sebago Lake,Cumberland,378339,4846021,43.75724377,-70.51130393,n/a,None known,n/a,8093.71,0.05,NA,NA,NA,NA,NA,83.8
5894,unnamed pond,Naples,NA,NA,NA,NA,NA,Sebago Lake,106000101,Naples,Cumberland,373064,4865197,43.9289483,-70.5813604,n/a,None known,n/a,72843.42,0.13,NA,NA,NA,NA,NA,83.8
5896,unnamed pond,Naples,NA,NA,NA,NA,NA,Sebago Lake,106000101,North Sebago,Cumberland,368076,4866311,43.93810138,-70.64375348,n/a,None known,n/a,60702.85,0.16,NA,NA,NA,NA,NA,149.4
6434,unnamed pond,Gorham,NA,NA,NA,NA,NA,Fore River,106000105,Gorham,Cumberland,386919,4833564,43.64647747,-70.40214325,n/a,None known,n/a,93077.7,0.14,NA,NA,NA,NA,NA,32
6444,unnamed pond,Raymond,NA,NA,NA,NA,NA,Sebago Lake,106000101,Raymond,Cumberland,382581,4859951,43.88330922,-70.46167761,n/a,None known,n/a,44515.42,0.13,NA,NA,NA,NA,NA,86.9
6446,unnamed pond,Cumberland,NA,NA,NA,NA,NA,Presumpscot River,106000103,Cumberland Center,Cumberland,398432,4852984,43.8229506,-70.26309167,n/a,None known,n/a,161874.26,0.18,NA,NA,NA,NA,NA,88.4
6448,unnamed pond,New Gloucester,NA,NA,NA,NA,NA,Royal River,106000102,North Pownal,Cumberland,403179,4866723,43.94726026,-70.20656473,n/a,None known,n/a,48562.28,0.19,NA,NA,NA,NA,NA,48.8
6452,Coon Swamp Pond,Otisfield,NA,NA,NA,NA,NA,Little Androscoggin River,104000209,Casco,Cumberland,377106,4882746,44.08758099,-70.53508833,n/a,None known,n/a,89030.84,0.18,NA,NA,NA,NA,NA,158.5
6454,unnamed pond,Bridgton,NA,NA,NA,NA,NA,Sebago Lake,106000101,Bridgton,Cumberland,362834,4875272,44.01779063,-70.71134842,n/a,None known,n/a,89030.84,0.29,NA,NA,NA,NA,NA,131.1
6688,unnamed pond,Brunswick,NA,NA,NA,COASTAL,COASTAL,Casco Bay Coastal Drainages,106000106,Brunswick,Cumberland,428694,4862513,43.91227752,-69.88807666,n/a,None known,n/a,8093.71,0.06,NA,NA,NA,NA,NA,3
6709,Cabbage Yard Pond,Waterford,8.76,NA,NA,PRESUMPSCOT,SONGO-CROOKED,Sebago Lake,106000101,Waterford Flat,Oxford,362280,4888124,44.13334069,-70.72161349,n/a,None known,n/a,16187.43,0.06,NA,NA,60001,105,101.01,143.3
6719,Willett Pond,Denmark,NA,NA,NA,SACO,UPPER SACO,Sebago Lake,106000101,North Sebago,Oxford,360197,4870768,43.97675488,-70.74304972,n/a,None known,n/a,12140.57,0.05,NA,NA,NA,NA,72.52,155.4
6723,Ingalls Bog,Denmark,NA,NA,NA,SACO,UPPER SACO,Sebago Lake,106000101,North Sebago,Oxford,360642,4871587,43.98421325,-70.73772672,n/a,None known,n/a,2023.43,0.02,NA,NA,NA,NA,137.27,153.9
6753,unnamed pond,Stoneham,5,NA,NA,PRESUMPSCOT,SONGO-CROOKED,Sebago Lake,106000101,North Waterford,Oxford,355331,4901170,44.24939567,-70.81203834,n/a,None known,n/a,12140.57,0.05,NA,NA,60001,52,2719.49,181.4
6755,Round Pond,Albany Twp,10.1,NA,no dam,PRESUMPSCOT,SONGO-CROOKED,Sebago Lake,106000101,East Stoneham,Oxford,355101,4906721,44.29929855,-70.81645558,n/a,None known,Coldwater,56655.99,0.1,6.1,8.8,173001,211,297.85,240.8
6757,Number Eight Pond,Stoneham,NA,NA,NA,PRESUMPSCOT,SONGO-CROOKED,Sebago Lake,106000101,East Stoneham,Oxford,352118,4906677,44.29830507,-70.85380946,n/a,None known,n/a,4046.86,0.02,NA,NA,NA,NA,51.8,320
6759,Lombard Pond,Stoneham,35.05,NA,NA,PRESUMPSCOT,SONGO-CROOKED,Sebago Lake,106000101,East Stoneham,Oxford,353485,4905196,44.28525434,-70.83627777,n/a,None known,n/a,8093.71,0.05,NA,NA,30000,179,181.3,245.4
6761,Patte Mill Pond,Albany Twp,11.73,NA,NA,PRESUMPSCOT,SONGO-CROOKED,Sebago Lake,106000101,East Stoneham,Oxford,354468,4909375,44.3230561,-70.82511819,n/a,None known,No fishery,101171.41,0.24,NA,NA,330003,546,603.47,239
6763,unnamed pond,Albany Twp,NA,NA,NA,PRESUMPSCOT,SONGO-CROOKED,Little Androscoggin River,104000209,Greenwood,Oxford,361052,4907114,44.30399822,-70.7419866,n/a,None known,n/a,16187.43,0.05,NA,NA,NA,NA,38.85,371.9
6765,Mosquito Pond,Albany Twp,NA,NA,no dam,PRESUMPSCOT,SONGO-CROOKED,Sebago Lake,106000101,East Stoneham,Oxford,356456,4906657,44.29899888,-70.79945382,n/a,None known,No fishery,16187.43,0.05,2.4,6.7,NA,NA,23.31,289.6
6767,unnamed pond,Windham,NA,NA,NA,PRESUMPSCOT,PRESUMPSCOT,Sebago Lake,106000101,North Windham,Cumberland,382954,4857724,43.86332315,-70.45655302,n/a,None known,n/a,12140.57,0.05,NA,NA,NA,NA,44.03,88.4
6945,unnamed pond,Buxton,NA,NA,NA,PRESUMPSCOT,PRESUMPSCOT,Fore River,106000105,Gorham,York,380708,4833992,43.64935732,-70.47921473,n/a,None known,n/a,20234.28,0.11,NA,NA,NA,NA,41.44,41.1
6947,unnamed pond,Buxton,NA,NA,NA,PRESUMPSCOT,PRESUMPSCOT,Presumpscot River,106000103,Standish,York,375988,4839153,43.69503544,-70.53891841,n/a,None known,n/a,12140.57,0.06,NA,NA,NA,NA,7.77,83.8
6949,unnamed pond,Buxton,NA,NA,NA,PRESUMPSCOT,PRESUMPSCOT,Presumpscot River,106000103,Standish,York,378369,4836421,43.67084646,-70.5087562,n/a,None known,n/a,16187.43,0.1,NA,NA,NA,NA,199.43,77.7
6953,unnamed pond,Buxton,NA,NA,NA,PRESUMPSCOT,PRESUMPSCOT,Presumpscot River,106000103,Standish,York,378842,4835190,43.65984347,-70.5026176,n/a,None known,n/a,4046.86,0.03,NA,NA,NA,NA,69.93,56.4
6955,unnamed pond,Buxton,NA,NA,NA,PRESUMPSCOT,PRESUMPSCOT,Presumpscot River,106000103,Standish,York,376474,4839519,43.69841743,-70.53296823,n/a,None known,n/a,52609.13,0.11,NA,NA,NA,NA,41.44,77.7
7785,Blaisdell Pond,Phippsburg,NA,NA,NA,NA,NA,Casco Bay Coastal Drainages,106000106,Phippsburg,Sagadahoc,433083,4847384,43.7764874,-69.83153459,n/a,None known,n/a,8093.71,0.03,NA,NA,NA,NA,7.77,32
7787,unnamed pond,Phippsburg,NA,NA,NA,COASTAL,COASTAL,Casco Bay Coastal Drainages,106000106,Small Point,Sagadahoc,432238,4841767,43.72583879,-69.84132219,n/a,None known,n/a,4046.86,0.02,NA,NA,NA,NA,NA,3
7789,unnamed pond,Phippsburg,NA,NA,NA,NA,NA,Casco Bay Coastal Drainages,106000106,Phippsburg,Sagadahoc,430583,4844890,43.75380397,-69.86226756,n/a,None known,n/a,4046.86,0.05,NA,NA,NA,NA,7.77,3
8448,Merrill Cemetery Pond,Pownal,NA,NA,NA,COASTAL,ROYAL,Casco Bay Coastal Drainages,106000106,Yarmouth,Cumberland,406477,4858467,43.87336903,-70.16401992,n/a,None known,n/a,4046.86,0.02,NA,NA,NA,NA,4143.98,35.1
8450,Mill Pond,Waterford,NA,NA,NA,PRESUMPSCOT,SONGO-CROOKED,Sebago Lake,106000101,Waterford Flat,Oxford,365481,4896179,44.2064234,-70.68367944,n/a,None known,n/a,4046.86,0.06,NA,NA,NA,NA,1183.62,163.1
8847,unnamed pond,Windham,NA,NA,NA,PRESUMPSCOT,PRESUMPSCOT,Presumpscot River,106000103,North Windham,Cumberland,387003,4849129,43.78659713,-70.40435957,n/a,None known,n/a,4046.86,0.03,NA,NA,NA,NA,248.64,59.4
8849,unnamed pond,Windham,NA,NA,NA,PRESUMPSCOT,PRESUMPSCOT,Presumpscot River,106000103,North Windham,Cumberland,385026,4857504,43.861674,-70.43072573,n/a,None known,n/a,4046.86,0.03,NA,NA,NA,NA,124.32,89.9
8851,unnamed pond,Windham,NA,NA,NA,PRESUMPSCOT,PRESUMPSCOT,Presumpscot River,106000103,North Windham,Cumberland,385800,4852094,43.81309542,-70.4199425,n/a,None known,n/a,8093.71,0.05,NA,NA,NA,NA,5205.88,68.6
8853,unnamed pond,Windham,NA,NA,NA,PRESUMPSCOT,PRESUMPSCOT,Sebago Lake,106000101,North Windham,Cumberland,383087,4857576,43.86201575,-70.45486496,n/a,None known,n/a,20234.28,0.08,NA,NA,NA,NA,15.54,94.5
8855,unnamed pond,Windham,NA,NA,NA,PRESUMPSCOT,PRESUMPSCOT,Presumpscot River,106000103,North Windham,Cumberland,384917,4854879,43.83802713,-70.43151358,n/a,None known,n/a,4046.86,0.03,NA,NA,NA,NA,23.31,88.4
8857,unnamed pond,Windham,8.95,NA,NA,PRESUMPSCOT,PRESUMPSCOT,Presumpscot River,106000103,North Windham,Cumberland,388150,4856253,43.85088827,-70.39160832,n/a,None known,n/a,36421.71,0.16,NA,NA,160501,299,593.11,82.3
8864,Florida Lake,Freeport,NA,NA,NA,COASTAL,ROYAL,Royal River,106000102,Lisbon Falls South,Cumberland,412948,4861796,43.90413342,-70.0840374,n/a,None known,No fishery,89030.84,0.18,NA,NA,NA,NA,NA,54.6
8865,Pratts Pond,Freeport,NA,NA,NA,COASTAL,ROYAL,Casco Bay Coastal Drainages,106000106,Freeport,Cumberland,411002,4854504,43.83825118,-70.10704819,n/a,None known,n/a,8093.71,0.03,NA,NA,NA,NA,25.9,33.5
8869,Haskell Pond,Gorham,NA,NA,NA,COASTAL,COASTAL,Presumpscot River,106000103,Portland West,Cumberland,390858,4836852,43.67666368,-70.35398017,n/a,None known,n/a,809.37,0.02,NA,NA,NA,NA,NA,16.8
8873,unnamed pond,Sebago,NA,NA,NA,PRESUMPSCOT,PRESUMPSCOT,Sebago Lake,106000101,Steep Falls,Cumberland,368137,4857364,43.85758999,-70.64078483,n/a,None known,n/a,16187.43,0.08,NA,NA,NA,NA,5801.57,88.4
8875,Mariner Pond,Sebago,24.27,NA,NA,PRESUMPSCOT,PRESUMPSCOT,Sebago Lake,106000101,North Sebago,Cumberland,363774,4861777,43.89650992,-70.69617104,n/a,None known,n/a,210436.53,0.23,NA,NA,300003,962.99,126.91,128.3
8877,Yarmouth Reservoir,North Yarmouth,NA,NA,NA,COASTAL,ROYAL,Royal River,106000102,Yarmouth,Cumberland,400336,4854391,43.83587223,-70.23967258,n/a,None known,n/a,4046.86,0.03,NA,NA,NA,NA,15.54,35.1
8879,unnamed pond,New Gloucester,NA,NA,NA,COASTAL,ROYAL,Royal River,106000102,Gray,Cumberland,391620,4869210,43.96803508,-70.35107756,n/a,None known,n/a,4046.86,0.02,NA,NA,NA,NA,56.98,96
8880,unnamed pond,Cape Elizabeth,NA,NA,NA,COASTAL,COASTAL,Casco Bay Coastal Drainages,106000106,Cape Elizabeth,Cumberland,401326,4828847,43.60606488,-70.22267562,n/a,None known,n/a,8093.71,0.06,NA,NA,NA,NA,256.41,3
8881,unnamed pond,New Gloucester,NA,NA,NA,COASTAL,ROYAL,Royal River,106000102,Gray,Cumberland,392376,4866078,43.93995715,-70.34102776,n/a,None known,n/a,4046.86,0.05,NA,NA,NA,NA,246.05,93
8883,unnamed pond,New Gloucester,NA,NA,NA,COASTAL,ROYAL,Royal River,106000102,Gray,Cumberland,395442,4871839,43.99225621,-70.30396744,n/a,None known,n/a,44515.42,0.19,NA,NA,NA,NA,3341.08,83.8
8885,unnamed pond,Harrison,NA,NA,NA,PRESUMPSCOT,SONGO-CROOKED,Sebago Lake,106000101,Bridgton,Cumberland,364703,4886404,44.1183196,-70.69089855,n/a,None known,n/a,16187.43,NA,NA,NA,NA,NA,4817.38,88.4
8887,Impoundment Pond,Harpswell,NA,NA,surface increased >50%,COASTAL,COASTAL,Casco Bay Coastal Drainages,106000106,Orrs Island,Cumberland,422113,4846756,43.76976004,-69.96773829,n/a,None known,Warmwater,44515.42,0.14,NA,NA,NA,NA,46.62,12.2
8889,Quarry Pond,Falmouth,NA,NA,NA,PRESUMPSCOT,PRESUMPSCOT,Presumpscot River,106000103,Portland West,Cumberland,397982,4839613,43.70252909,-70.26614016,n/a,None known,n/a,12140.57,0.06,NA,NA,NA,NA,191.66,18.3
8891,unnamed pond,Cumberland,NA,NA,NA,PRESUMPSCOT,PRESUMPSCOT,Presumpscot River,106000103,Cumberland Center,Cumberland,395040,4852604,43.81905777,-70.30519103,n/a,None known,n/a,8093.71,0.08,NA,NA,NA,NA,1629.1,80.8
8893,unnamed pond,Cumberland,NA,NA,NA,PRESUMPSCOT,PRESUMPSCOT,Presumpscot River,106000103,Cumberland Center,Cumberland,395091,4852335,43.81664065,-70.30450135,n/a,None known,n/a,20234.28,0.1,NA,NA,NA,NA,1670.54,76.2
8895,Crescent Lake,Casco,31.27,NA,NA,PRESUMPSCOT,PRESUMPSCOT,Sebago Lake,106000101,Raymond,Cumberland,381576,4871276,43.98508147,-70.47671281,n/a,None known,n/a,20234.28,0.06,NA,NA,90001,183,194.25,128
8897,unnamed pond,Casco,25.990000000000002,NA,NA,PRESUMPSCOT,PRESUMPSCOT,Sebago Lake,106000101,Raymond,Cumberland,382219,4871723,43.98920627,-70.46879273,n/a,None known,n/a,36421.71,0.08,NA,NA,120001,58,108.78,93
8898,Hog Meadow Pond,Casco,1.16,NA,NA,PRESUMPSCOT,PRESUMPSCOT,Sebago Lake,106000101,Raymond,Cumberland,382198,4872870,43.9995327,-70.46931513,n/a,None known,n/a,72843.42,0.31,NA,NA,285002,55,NA,111.3
8899,unnamed pond,Cape Elizabeth,NA,NA,NA,COASTAL,COASTAL,Casco Bay Coastal Drainages,106000106,Cape Elizabeth,Cumberland,402010,4826748,43.58726362,-70.2138216,n/a,None known,n/a,16187.43,0.08,NA,NA,NA,NA,427.35,3
8905,unnamed pond,Brunswick,NA,NA,NA,COASTAL,COASTAL,Casco Bay Coastal Drainages,106000106,Orrs Island,Cumberland,423429,4857685,43.86828397,-69.95295429,n/a,None known,n/a,4046.86,0.03,NA,NA,NA,NA,287.49,4.6
8907,unnamed pond,Brunswick,NA,NA,NA,MERRYMEETING BAY,MERRYMEETING BAY,Casco Bay Coastal Drainages,106000106,Orrs Island,Cumberland,422011,4858366,43.8742639,-69.97069939,n/a,None known,n/a,4046.86,0.03,NA,NA,NA,NA,116.55,9.1
8909,unnamed pond,Brunswick,NA,NA,NA,COASTAL,COASTAL,Casco Bay Coastal Drainages,106000106,Brunswick,Cumberland,423581,4858744,43.87783654,-69.95120748,n/a,None known,n/a,4046.86,0.02,NA,NA,NA,NA,31.08,24.4
8913,Thompson Pond,Brunswick,NA,NA,NA,COASTAL,COASTAL,Casco Bay Coastal Drainages,106000106,Brunswick,Cumberland,428705,4862936,43.91608657,-69.88799747,n/a,None known,n/a,16187.43,0.1,NA,NA,NA,NA,168.35,4.6
8915,Sams Mill Pond,Bridgton,NA,NA,NA,PRESUMPSCOT,SONGO-CROOKED,Sebago Lake,106000101,Bridgton,Cumberland,363999,4885102,44.10646408,-70.69935488,n/a,None known,n/a,4046.86,0.03,NA,NA,NA,NA,681.17,99.1
9681,Capisic Pond,Portland,NA,MESO,surface increased >50%,COASTAL,COASTAL,Fore River,106000105,Portland West,Cumberland,394557,4835590,43.66583107,-70.30785448,n/a,None known,No fishery,28327.99,0.16,0.9,1.2,NA,NA,681.17,6.1
9685,Bay of Naples Lake,Naples,10.81,MESO,surface increased <50%,PRESUMPSCOT,SONGO-CROOKED,Sebago Lake,106000101,Naples,Cumberland,372477,4868123,43.95517942,-70.58937455,Above average,Variable water-milfoil,Warmwater,2994673.75,1,4.3,13.4,14501786,880,30820.86,81.7
9689,Otter Pond #4,Standish,1.33,MESO,no dam,PRESUMPSCOT,PRESUMPSCOT,Sebago Lake,106000101,Sebago Lake,Cumberland,378829,4846689,43.76333713,-70.5053651,n/a,None known,Coldwater + Warmwater,24281.14,0.06,2.7,6.4,72001,16,NA,73.5
9705,North Gorham Pond,"Gorham, Standish, Windham",NA,MESO,surface increased <50%,PRESUMPSCOT,PRESUMPSCOT,Presumpscot River,106000103,North Windham,Cumberland,383310,4851422,43.80666064,-70.45074666,n/a,None known,Coldwater + Warmwater,380404.5,0.27,2.7,7,NA,NA,114995.47,67.7
9833,unnamed pond,Stoneham,NA,NA,NA,PRESUMPSCOT,SONGO-CROOKED,Sebago Lake,106000101,North Waterford,Oxford,355568,4900615,44.24444787,-70.80892017,n/a,None known,n/a,12140.57,0.06,NA,NA,NA,NA,54.39,178.3
