MIDAS,Lake,Town,StationName,Date,Year,Secchi_Depth,Station
5786,Sebago Lake,"Gray, Windham",Big Bay,1990-07-03T00:00:00Z,1990,11.28600025177002,101
5786,Sebago Lake,"Gray, Windham",Big Bay,1990-07-17T00:00:00Z,1990,14.421000480651855,101
5786,Sebago Lake,"Gray, Windham",Big Bay,1990-08-03T00:00:00Z,1990,14.421000480651855,101
5786,Sebago Lake,"Gray, Windham",Big Bay,1990-08-17T00:00:00Z,1990,12.74899959564209,101
5786,Sebago Lake,"Gray, Windham",Big Bay,1990-08-27T00:00:00Z,1990,11.494999885559082,101
5786,Sebago Lake,"Gray, Windham",Big Bay,1990-09-11T00:00:00Z,1990,11.28600025177002,101
5786,Sebago Lake,"Gray, Windham",Big Bay,1990-09-25T00:00:00Z,1990,11.28600025177002,101
5786,Sebago Lake,"Gray, Windham",Big Bay,1990-10-17T00:00:00Z,1990,13.37600040435791,101
5786,Sebago Lake,"Gray, Windham",Big Bay,1990-11-01T00:00:00Z,1990,12.331000328063965,101
5786,Sebago Lake,"Gray, Windham",Big Bay,1991-07-17T00:00:00Z,1991,14.421000480651855,101
5786,Sebago Lake,"Gray, Windham",Big Bay,1991-07-30T00:00:00Z,1991,12.539999961853027,101
5786,Sebago Lake,"Gray, Windham",Big Bay,1991-08-13T00:00:00Z,1991,13.68950080871582,101
5786,Sebago Lake,"Gray, Windham",Big Bay,1991-08-27T00:00:00Z,1991,10.449999809265137,101
5786,Sebago Lake,"Gray, Windham",Big Bay,1991-09-13T00:00:00Z,1991,10.345499992370605,101
5786,Sebago Lake,"Gray, Windham",Big Bay,1991-10-04T00:00:00Z,1991,9.822999954223633,101
5786,Sebago Lake,"Gray, Windham",Big Bay,1991-10-15T00:00:00Z,1991,9.822999954223633,101
5786,Sebago Lake,"Gray, Windham",Big Bay,1991-11-06T00:00:00Z,1991,11.28600025177002,101
5786,Sebago Lake,"Gray, Windham",Big Bay,1992-06-04T00:00:00Z,1992,10.449999809265137,101
5786,Sebago Lake,"Gray, Windham",Big Bay,1992-06-17T00:00:00Z,1992,10.868000030517578,101
5786,Sebago Lake,"Gray, Windham",Big Bay,1992-06-30T00:00:00Z,1992,12.853500366210938,101
5786,Sebago Lake,"Gray, Windham",Big Bay,1992-07-16T00:00:00Z,1992,12.122000694274902,101
5786,Sebago Lake,"Gray, Windham",Big Bay,1992-08-07T00:00:00Z,1992,13.793999671936035,101
5786,Sebago Lake,"Gray, Windham",Big Bay,1992-08-21T00:00:00Z,1992,10.241000175476074,101
5786,Sebago Lake,"Gray, Windham",Big Bay,1992-10-07T00:00:00Z,1992,13.167000770568848,101
5786,Sebago Lake,"Gray, Windham",Big Bay,1992-10-19T00:00:00Z,1992,10.868000030517578,101
5786,Sebago Lake,"Gray, Windham",Big Bay,1993-06-24T00:00:00Z,1993,11.912999153137207,101
5786,Sebago Lake,"Gray, Windham",Big Bay,1993-07-08T00:00:00Z,1993,13.271499633789062,101
5786,Sebago Lake,"Gray, Windham",Big Bay,1993-07-26T00:00:00Z,1993,12.43549919128418,101
5786,Sebago Lake,"Gray, Windham",Big Bay,1993-08-09T00:00:00Z,1993,14.316499710083008,101
5786,Sebago Lake,"Gray, Windham",Big Bay,1993-08-27T00:00:00Z,1993,14.002999305725098,101
5786,Sebago Lake,"Gray, Windham",Big Bay,1993-09-09T00:00:00Z,1993,10.6589994430542,101
5786,Sebago Lake,"Gray, Windham",Big Bay,1993-10-01T00:00:00Z,1993,10.6589994430542,101
5786,Sebago Lake,"Gray, Windham",Big Bay,1993-10-14T00:00:00Z,1993,11.28600025177002,101
5786,Sebago Lake,"Gray, Windham",Big Bay,1993-10-26T00:00:00Z,1993,11.703999519348145,101
5786,Sebago Lake,"Gray, Windham",Big Bay,1994-06-17T00:00:00Z,1994,10.97249984741211,101
5786,Sebago Lake,"Gray, Windham",Big Bay,1994-06-30T00:00:00Z,1994,11.28600025177002,101
5786,Sebago Lake,"Gray, Windham",Big Bay,1994-07-20T00:00:00Z,1994,15.883999824523926,101
5786,Sebago Lake,"Gray, Windham",Big Bay,1994-08-03T00:00:00Z,1994,13.167000770568848,101
5786,Sebago Lake,"Gray, Windham",Big Bay,1994-08-24T00:00:00Z,1994,12.226499557495117,101
5786,Sebago Lake,"Gray, Windham",Big Bay,1994-09-16T00:00:00Z,1994,10.97249984741211,101
5786,Sebago Lake,"Gray, Windham",Big Bay,1994-10-07T00:00:00Z,1994,12.74899959564209,101
5786,Sebago Lake,"Gray, Windham",Big Bay,1994-10-25T00:00:00Z,1994,13.37600040435791,101
5786,Sebago Lake,"Gray, Windham",Big Bay,1995-06-13T00:00:00Z,1995,13.37600040435791,101
5786,Sebago Lake,"Gray, Windham",Big Bay,1995-06-29T00:00:00Z,1995,11.912999153137207,101
5786,Sebago Lake,"Gray, Windham",Big Bay,1995-07-11T00:00:00Z,1995,13.167000770568848,101
5786,Sebago Lake,"Gray, Windham",Big Bay,1995-10-05T00:00:00Z,1995,10.345499992370605,101
5786,Sebago Lake,"Gray, Windham",Big Bay,1996-06-06T00:00:00Z,1996,11.808500289916992,101
5786,Sebago Lake,"Gray, Windham",Big Bay,1996-06-20T00:00:00Z,1996,9.718500137329102,101
5786,Sebago Lake,"Gray, Windham",Big Bay,1996-07-02T00:00:00Z,1996,11.59950065612793,101
5786,Sebago Lake,"Gray, Windham",Big Bay,1996-07-18T00:00:00Z,1996,12.017499923706055,101
5786,Sebago Lake,"Gray, Windham",Big Bay,1996-07-30T00:00:00Z,1996,10.6589994430542,101
5786,Sebago Lake,"Gray, Windham",Big Bay,1996-08-15T00:00:00Z,1996,11.494999885559082,101
5786,Sebago Lake,"Gray, Windham",Big Bay,1996-08-30T00:00:00Z,1996,12.539999961853027,101
5786,Sebago Lake,"Gray, Windham",Big Bay,1996-09-12T00:00:00Z,1996,12.017499923706055,101
5786,Sebago Lake,"Gray, Windham",Big Bay,1996-10-10T00:00:00Z,1996,11.181499481201172,101
5786,Sebago Lake,"Gray, Windham",Big Bay,1996-10-23T00:00:00Z,1996,11.39050006866455,101
5786,Sebago Lake,"Gray, Windham",Big Bay,1996-12-04T00:00:00Z,1996,10.554500579833984,101
5786,Sebago Lake,"Gray, Windham",Big Bay,1998-05-20T00:00:00Z,1998,9.300000190734863,101
5786,Sebago Lake,"Gray, Windham",Big Bay,1998-06-09T00:00:00Z,1998,10.300000190734863,101
5786,Sebago Lake,"Gray, Windham",Big Bay,1998-07-14T00:00:00Z,1998,6.099999904632568,101
5786,Sebago Lake,"Gray, Windham",Big Bay,1998-08-06T00:00:00Z,1998,7.099999904632568,101
5786,Sebago Lake,"Gray, Windham",Big Bay,1998-09-22T00:00:00Z,1998,7.199999809265137,101
5786,Sebago Lake,"Gray, Windham",Big Bay,1998-10-23T00:00:00Z,1998,8.600000381469727,101
5786,Sebago Lake,"Gray, Windham",Big Bay,1998-11-10T00:00:00Z,1998,8.5,101
5786,Sebago Lake,"Gray, Windham",Big Bay,1999-04-28T00:00:00Z,1999,9.399999618530273,101
5786,Sebago Lake,"Gray, Windham",Big Bay,1999-05-27T00:00:00Z,1999,7.800000190734863,101
5786,Sebago Lake,"Gray, Windham",Big Bay,1999-06-16T00:00:00Z,1999,9.300000190734863,101
5786,Sebago Lake,"Gray, Windham",Big Bay,1999-07-20T00:00:00Z,1999,11.600000381469727,101
5786,Sebago Lake,"Gray, Windham",Big Bay,1999-08-17T00:00:00Z,1999,10,101
5786,Sebago Lake,"Gray, Windham",Big Bay,1999-09-08T00:00:00Z,1999,9.399999618530273,101
5786,Sebago Lake,"Gray, Windham",Big Bay,1999-09-27T00:00:00Z,1999,9,101
5786,Sebago Lake,"Gray, Windham",Big Bay,1999-10-19T00:00:00Z,1999,10.300000190734863,101
5786,Sebago Lake,"Gray, Windham",Big Bay,2000-04-25T00:00:00Z,2000,11.399999618530273,101
5786,Sebago Lake,"Gray, Windham",Big Bay,2000-05-16T00:00:00Z,2000,9.100000381469727,101
5786,Sebago Lake,"Gray, Windham",Big Bay,2000-06-14T00:00:00Z,2000,9.800000190734863,101
5786,Sebago Lake,"Gray, Windham",Big Bay,2000-07-26T00:00:00Z,2000,12.199999809265137,101
5786,Sebago Lake,"Gray, Windham",Big Bay,2000-08-22T00:00:00Z,2000,12.199999809265137,101
5786,Sebago Lake,"Gray, Windham",Big Bay,2000-09-27T00:00:00Z,2000,11.5,101
5786,Sebago Lake,"Gray, Windham",Big Bay,2000-10-17T00:00:00Z,2000,11.5,101
5786,Sebago Lake,"Gray, Windham",Big Bay,2000-11-08T00:00:00Z,2000,12.100000381469727,101
5786,Sebago Lake,"Gray, Windham",Big Bay,2001-05-22T00:00:00Z,2001,9.100000381469727,101
5786,Sebago Lake,"Gray, Windham",Big Bay,2001-06-19T00:00:00Z,2001,11.100000381469727,101
5786,Sebago Lake,"Gray, Windham",Big Bay,2001-07-25T00:00:00Z,2001,10.600000381469727,101
5786,Sebago Lake,"Gray, Windham",Big Bay,2001-08-22T00:00:00Z,2001,8.800000190734863,101
5786,Sebago Lake,"Gray, Windham",Big Bay,2001-09-26T00:00:00Z,2001,10.399999618530273,101
5786,Sebago Lake,"Gray, Windham",Big Bay,2001-10-29T00:00:00Z,2001,12.199999809265137,101
5786,Sebago Lake,"Gray, Windham",Big Bay,2001-11-27T00:00:00Z,2001,12.699999809265137,101
5786,Sebago Lake,"Gray, Windham",Big Bay,2002-05-30T00:00:00Z,2002,9.899999618530273,101
5786,Sebago Lake,"Gray, Windham",Big Bay,2002-06-18T00:00:00Z,2002,11.300000190734863,101
5786,Sebago Lake,"Gray, Windham",Big Bay,2002-07-31T00:00:00Z,2002,12.399999618530273,101
5786,Sebago Lake,"Gray, Windham",Big Bay,2002-08-26T00:00:00Z,2002,12.699999809265137,101
5786,Sebago Lake,"Gray, Windham",Big Bay,2002-09-19T00:00:00Z,2002,10.899999618530273,101
5786,Sebago Lake,"Gray, Windham",Big Bay,2002-10-15T00:00:00Z,2002,12.300000190734863,101
5786,Sebago Lake,"Gray, Windham",Big Bay,2002-11-20T00:00:00Z,2002,13.5,101
5786,Sebago Lake,"Gray, Windham",Big Bay,2003-05-28T00:00:00Z,2003,9.699999809265137,101
5786,Sebago Lake,"Gray, Windham",Big Bay,2003-06-17T00:00:00Z,2003,10.100000381469727,101
5786,Sebago Lake,"Gray, Windham",Big Bay,2003-07-29T00:00:00Z,2003,13.300000190734863,101
5786,Sebago Lake,"Gray, Windham",Big Bay,2003-08-20T00:00:00Z,2003,9.899999618530273,101
5786,Sebago Lake,"Gray, Windham",Big Bay,2003-09-30T00:00:00Z,2003,10.100000381469727,101
5786,Sebago Lake,"Gray, Windham",Big Bay,2003-10-31T00:00:00Z,2003,11.800000190734863,101
5786,Sebago Lake,"Gray, Windham",Big Bay,2004-05-12T00:00:00Z,2004,11.899999618530273,101
5786,Sebago Lake,"Gray, Windham",Big Bay,2004-06-23T00:00:00Z,2004,11.899999618530273,101
5786,Sebago Lake,"Gray, Windham",Big Bay,2004-07-27T00:00:00Z,2004,11.800000190734863,101
5786,Sebago Lake,"Gray, Windham",Big Bay,2004-08-17T00:00:00Z,2004,11.100000381469727,101
5786,Sebago Lake,"Gray, Windham",Big Bay,2004-09-27T00:00:00Z,2004,12.699999809265137,101
5786,Sebago Lake,"Gray, Windham",Big Bay,2004-10-29T00:00:00Z,2004,11.100000381469727,101
5786,Sebago Lake,"Gray, Windham",Big Bay,2005-05-18T00:00:00Z,2005,9.899999618530273,101
5786,Sebago Lake,"Gray, Windham",Big Bay,2005-06-30T00:00:00Z,2005,8.800000190734863,101
5786,Sebago Lake,"Gray, Windham",Big Bay,2005-07-20T00:00:00Z,2005,9.699999809265137,101
5786,Sebago Lake,"Gray, Windham",Big Bay,2005-09-06T00:00:00Z,2005,9.5,101
5786,Sebago Lake,"Gray, Windham",Big Bay,2005-09-28T00:00:00Z,2005,10.699999809265137,101
5786,Sebago Lake,"Gray, Windham",Big Bay,2005-10-31T00:00:00Z,2005,10.399999618530273,101
5786,Sebago Lake,"Gray, Windham",Big Bay,2006-05-25T00:00:00Z,2006,9.300000190734863,101
5786,Sebago Lake,"Gray, Windham",Big Bay,2006-06-28T00:00:00Z,2006,8.300000190734863,101
5786,Sebago Lake,"Gray, Windham",Big Bay,2006-07-26T00:00:00Z,2006,9.100000381469727,101
5786,Sebago Lake,"Gray, Windham",Big Bay,2006-08-16T00:00:00Z,2006,6.900000095367432,101
5786,Sebago Lake,"Gray, Windham",Big Bay,2006-09-27T00:00:00Z,2006,9.199999809265137,101
5786,Sebago Lake,"Gray, Windham",Big Bay,2006-10-31T00:00:00Z,2006,9.100000381469727,101
5786,Sebago Lake,"Gray, Windham",Big Bay,2007-05-24T00:00:00Z,2007,9.300000190734863,101
5786,Sebago Lake,"Gray, Windham",Big Bay,2007-06-26T00:00:00Z,2007,8.800000190734863,101
5786,Sebago Lake,"Gray, Windham",Big Bay,2007-07-25T00:00:00Z,2007,8.399999618530273,101
5786,Sebago Lake,"Gray, Windham",Big Bay,2007-08-16T00:00:00Z,2007,9.199999809265137,101
5786,Sebago Lake,"Gray, Windham",Big Bay,2007-09-14T00:00:00Z,2007,9.5,101
5786,Sebago Lake,"Gray, Windham",Big Bay,2007-10-26T00:00:00Z,2007,9.600000381469727,101
5786,Sebago Lake,"Gray, Windham",Big Bay,2008-05-21T00:00:00Z,2008,9.699999809265137,101
5786,Sebago Lake,"Gray, Windham",Big Bay,2008-06-11T00:00:00Z,2008,10.899999618530273,101
5786,Sebago Lake,"Gray, Windham",Big Bay,2008-07-22T00:00:00Z,2008,10.5,101
5786,Sebago Lake,"Gray, Windham",Big Bay,2008-08-27T00:00:00Z,2008,9.699999809265137,101
5786,Sebago Lake,"Gray, Windham",Big Bay,2008-09-16T00:00:00Z,2008,9,101
5786,Sebago Lake,"Gray, Windham",Big Bay,2008-10-24T00:00:00Z,2008,10,101
5786,Sebago Lake,"Gray, Windham",Big Bay,2009-05-12T00:00:00Z,2009,9.100000381469727,101
5786,Sebago Lake,"Gray, Windham",Big Bay,2009-06-25T00:00:00Z,2009,9.550000190734863,101
5786,Sebago Lake,"Gray, Windham",Big Bay,2009-07-15T00:00:00Z,2009,8.800000190734863,101
5786,Sebago Lake,"Gray, Windham",Big Bay,2009-08-06T00:00:00Z,2009,10.199999809265137,101
5786,Sebago Lake,"Gray, Windham",Big Bay,2009-09-23T00:00:00Z,2009,8.800000190734863,101
5786,Sebago Lake,"Gray, Windham",Big Bay,2009-10-20T00:00:00Z,2009,9.350000381469727,101
5786,Sebago Lake,"Gray, Windham",Big Bay,2010-05-21T00:00:00Z,2010,10.600000381469727,101
5786,Sebago Lake,"Gray, Windham",Big Bay,2010-06-29T00:00:00Z,2010,10,101
5786,Sebago Lake,"Gray, Windham",Big Bay,2010-07-28T00:00:00Z,2010,9.300000190734863,101
5786,Sebago Lake,"Gray, Windham",Big Bay,2010-08-26T00:00:00Z,2010,8.699999809265137,101
5786,Sebago Lake,"Gray, Windham",Big Bay,2010-09-28T00:00:00Z,2010,9.199999809265137,101
5786,Sebago Lake,"Gray, Windham",Big Bay,2010-10-14T00:00:00Z,2010,10.399999618530273,101
5786,Sebago Lake,"Gray, Windham",Big Bay,2011-05-26T00:00:00Z,2011,8.5,101
5786,Sebago Lake,"Gray, Windham",Big Bay,2011-06-28T00:00:00Z,2011,10.300000190734863,101
5786,Sebago Lake,"Gray, Windham",Big Bay,2011-07-25T00:00:00Z,2011,10.899999618530273,101
5786,Sebago Lake,"Gray, Windham",Big Bay,2011-08-12T00:00:00Z,2011,11.100000381469727,101
5786,Sebago Lake,"Gray, Windham",Big Bay,2011-08-24T00:00:00Z,2011,10.399999618530273,101
5786,Sebago Lake,"Gray, Windham",Big Bay,2011-09-26T00:00:00Z,2011,10.699999809265137,101
5786,Sebago Lake,"Gray, Windham",Big Bay,2011-10-24T00:00:00Z,2011,10.399999618530273,101
5786,Sebago Lake,"Gray, Windham",Big Bay,2012-04-25T00:00:00Z,2012,10.800000190734863,101
5786,Sebago Lake,"Gray, Windham",Big Bay,2012-05-23T00:00:00Z,2012,11,101
5786,Sebago Lake,"Gray, Windham",Big Bay,2012-06-18T00:00:00Z,2012,7.199999809265137,101
5786,Sebago Lake,"Gray, Windham",Big Bay,2012-07-20T00:00:00Z,2012,10,101
5786,Sebago Lake,"Gray, Windham",Big Bay,2012-09-06T00:00:00Z,2012,9.600000381469727,101
5786,Sebago Lake,"Gray, Windham",Big Bay,2012-10-02T00:00:00Z,2012,10,101
5786,Sebago Lake,"Gray, Windham",Big Bay,2012-10-17T00:00:00Z,2012,10,101
5786,Sebago Lake,"Gray, Windham",Big Bay,2013-05-28T00:00:00Z,2013,10.199999809265137,101
5786,Sebago Lake,"Gray, Windham",Big Bay,2013-06-26T00:00:00Z,2013,8.5,101
5786,Sebago Lake,"Gray, Windham",Big Bay,2013-07-17T00:00:00Z,2013,10.199999809265137,101
5786,Sebago Lake,"Gray, Windham",Big Bay,2013-08-19T00:00:00Z,2013,7.199999809265137,101
5786,Sebago Lake,"Gray, Windham",Big Bay,2013-09-19T00:00:00Z,2013,8.100000381469727,101
5786,Sebago Lake,"Gray, Windham",Big Bay,2013-10-29T00:00:00Z,2013,10.300000190734863,101
5786,Sebago Lake,"Gray, Windham",Big Bay,2014-05-30T00:00:00Z,2014,8.199999809265137,101
5786,Sebago Lake,"Gray, Windham",Big Bay,2014-06-23T00:00:00Z,2014,11.5,101
5786,Sebago Lake,"Gray, Windham",Big Bay,2014-07-22T00:00:00Z,2014,11.399999618530273,101
5786,Sebago Lake,"Gray, Windham",Big Bay,2014-09-02T00:00:00Z,2014,9.699999809265137,101
5786,Sebago Lake,"Gray, Windham",Big Bay,2014-09-16T00:00:00Z,2014,8.699999809265137,101
5786,Sebago Lake,"Gray, Windham",Big Bay,2014-11-04T00:00:00Z,2014,10.399999618530273,101
5786,Sebago Lake,"Gray, Windham",Big Bay,2015-05-12T00:00:00Z,2015,10.600000381469727,101
5786,Sebago Lake,"Gray, Windham",Big Bay,2015-06-26T00:00:00Z,2015,11.5,101
5786,Sebago Lake,"Gray, Windham",Big Bay,2015-07-21T00:00:00Z,2015,11.600000381469727,101
5786,Sebago Lake,"Gray, Windham",Big Bay,2015-08-13T00:00:00Z,2015,12,101
5786,Sebago Lake,"Gray, Windham",Big Bay,2015-09-22T00:00:00Z,2015,10.5,101
5786,Sebago Lake,"Gray, Windham",Big Bay,2015-10-13T00:00:00Z,2015,10.5,101
5786,Sebago Lake,"Gray, Windham",Big Bay,2016-05-23T00:00:00Z,2016,11.100000381469727,101
5786,Sebago Lake,"Gray, Windham",Big Bay,2016-06-23T00:00:00Z,2016,10.399999618530273,101
5786,Sebago Lake,"Gray, Windham",Big Bay,2016-07-27T00:00:00Z,2016,13.300000190734863,101
5786,Sebago Lake,"Gray, Windham",Big Bay,2016-08-30T00:00:00Z,2016,11.199999809265137,101
5786,Sebago Lake,"Gray, Windham",Big Bay,2016-09-22T00:00:00Z,2016,12.300000190734863,101
5786,Sebago Lake,"Gray, Windham",Big Bay,2016-10-17T00:00:00Z,2016,12.699999809265137,101
5786,Sebago Lake,"Gray, Windham",Big Bay,2017-05-17T00:00:00Z,2017,10.899999618530273,101
5786,Sebago Lake,"Gray, Windham",Big Bay,2017-06-29T00:00:00Z,2017,9.600000381469727,101
5786,Sebago Lake,"Gray, Windham",Big Bay,2017-07-21T00:00:00Z,2017,11.699999809265137,101
5786,Sebago Lake,"Gray, Windham",Big Bay,2017-08-15T00:00:00Z,2017,7.599999904632568,101
5786,Sebago Lake,"Gray, Windham",Big Bay,2017-09-25T00:00:00Z,2017,11.600000381469727,101
5786,Sebago Lake,"Gray, Windham",Big Bay,2017-10-17T00:00:00Z,2017,11,101
5786,Sebago Lake,"Gray, Windham",Big Bay,2018-05-17T00:00:00Z,2018,9.699999809265137,101
5786,Sebago Lake,"Gray, Windham",Big Bay,2018-06-27T00:00:00Z,2018,11.699999809265137,101
5786,Sebago Lake,"Gray, Windham",Big Bay,2018-07-20T00:00:00Z,2018,14.899999618530273,101
5786,Sebago Lake,"Gray, Windham",Big Bay,2018-08-24T00:00:00Z,2018,8.300000190734863,101
5786,Sebago Lake,"Gray, Windham",Big Bay,2018-09-13T00:00:00Z,2018,10.300000190734863,101
5786,Sebago Lake,"Gray, Windham",Crooked-Songo,2000-04-28T00:00:00Z,2000,10.199999809265137,102
5786,Sebago Lake,"Gray, Windham",Crooked-Songo,2000-05-16T00:00:00Z,2000,8,102
5786,Sebago Lake,"Gray, Windham",Crooked-Songo,2000-06-14T00:00:00Z,2000,7.800000190734863,102
5786,Sebago Lake,"Gray, Windham",Crooked-Songo,2000-07-19T00:00:00Z,2000,10,102
5786,Sebago Lake,"Gray, Windham",Crooked-Songo,2000-08-22T00:00:00Z,2000,11.5,102
5786,Sebago Lake,"Gray, Windham",Crooked-Songo,2000-09-27T00:00:00Z,2000,10.800000190734863,102
5786,Sebago Lake,"Gray, Windham",Crooked-Songo,2000-10-17T00:00:00Z,2000,10.899999618530273,102
5786,Sebago Lake,"Gray, Windham",Crooked-Songo,2000-11-09T00:00:00Z,2000,6.199999809265137,102
5786,Sebago Lake,"Gray, Windham",Crooked-Songo,2001-05-22T00:00:00Z,2001,8.699999809265137,102
5786,Sebago Lake,"Gray, Windham",Crooked-Songo,2001-06-27T00:00:00Z,2001,10,102
5786,Sebago Lake,"Gray, Windham",Crooked-Songo,2001-07-25T00:00:00Z,2001,8.699999809265137,102
5786,Sebago Lake,"Gray, Windham",Crooked-Songo,2001-08-28T00:00:00Z,2001,8.899999618530273,102
5786,Sebago Lake,"Gray, Windham",Crooked-Songo,2002-06-18T00:00:00Z,2002,5.800000190734863,102
5786,Sebago Lake,"Gray, Windham",Crooked-Songo,2002-07-31T00:00:00Z,2002,13.699999809265137,102
5786,Sebago Lake,"Gray, Windham",Crooked-Songo,2002-08-26T00:00:00Z,2002,10.699999809265137,102
5786,Sebago Lake,"Gray, Windham",Crooked-Songo,2002-09-19T00:00:00Z,2002,10.899999618530273,102
5786,Sebago Lake,"Gray, Windham",Crooked-Songo,2002-10-15T00:00:00Z,2002,11.300000190734863,102
5786,Sebago Lake,"Gray, Windham",Crooked-Songo,2002-11-20T00:00:00Z,2002,13.300000190734863,102
5786,Sebago Lake,"Gray, Windham",Crooked-Songo,2003-05-28T00:00:00Z,2003,9.300000190734863,102
5786,Sebago Lake,"Gray, Windham",Crooked-Songo,2003-06-17T00:00:00Z,2003,8,102
5786,Sebago Lake,"Gray, Windham",Crooked-Songo,2003-07-29T00:00:00Z,2003,11.100000381469727,102
5786,Sebago Lake,"Gray, Windham",Crooked-Songo,2003-08-20T00:00:00Z,2003,10.100000381469727,102
5786,Sebago Lake,"Gray, Windham",Crooked-Songo,2003-09-30T00:00:00Z,2003,9.399999618530273,102
5786,Sebago Lake,"Gray, Windham",Crooked-Songo,2003-10-31T00:00:00Z,2003,8,102
5786,Sebago Lake,"Gray, Windham",Crooked-Songo,2004-05-12T00:00:00Z,2004,10.100000381469727,102
5786,Sebago Lake,"Gray, Windham",Crooked-Songo,2004-06-23T00:00:00Z,2004,11.899999618530273,102
5786,Sebago Lake,"Gray, Windham",Crooked-Songo,2004-07-27T00:00:00Z,2004,12.600000381469727,102
5786,Sebago Lake,"Gray, Windham",Crooked-Songo,2004-08-17T00:00:00Z,2004,10.100000381469727,102
5786,Sebago Lake,"Gray, Windham",Crooked-Songo,2004-09-30T00:00:00Z,2004,11.600000381469727,102
5786,Sebago Lake,"Gray, Windham",Crooked-Songo,2004-10-26T00:00:00Z,2004,10.800000190734863,102
5786,Sebago Lake,"Gray, Windham",Crooked-Songo,2005-05-18T00:00:00Z,2005,8.800000190734863,102
5786,Sebago Lake,"Gray, Windham",Crooked-Songo,2005-06-30T00:00:00Z,2005,7,102
5786,Sebago Lake,"Gray, Windham",Crooked-Songo,2005-07-20T00:00:00Z,2005,8.600000381469727,102
5786,Sebago Lake,"Gray, Windham",Crooked-Songo,2005-09-02T00:00:00Z,2005,6.5,102
5786,Sebago Lake,"Gray, Windham",Crooked-Songo,2005-09-28T00:00:00Z,2005,10.5,102
5786,Sebago Lake,"Gray, Windham",Crooked-Songo,2005-10-31T00:00:00Z,2005,9.300000190734863,102
5786,Sebago Lake,"Gray, Windham",Crooked-Songo,2006-05-25T00:00:00Z,2006,7.900000095367432,102
5786,Sebago Lake,"Gray, Windham",Crooked-Songo,2006-06-27T00:00:00Z,2006,7.699999809265137,102
5786,Sebago Lake,"Gray, Windham",Crooked-Songo,2006-07-18T00:00:00Z,2006,8.300000190734863,102
5786,Sebago Lake,"Gray, Windham",Crooked-Songo,2006-08-16T00:00:00Z,2006,6.199999809265137,102
5786,Sebago Lake,"Gray, Windham",Crooked-Songo,2006-09-27T00:00:00Z,2006,9.300000190734863,102
5786,Sebago Lake,"Gray, Windham",Crooked-Songo,2006-10-31T00:00:00Z,2006,8.5,102
5786,Sebago Lake,"Gray, Windham",Crooked-Songo,2007-05-25T00:00:00Z,2007,7.900000095367432,102
5786,Sebago Lake,"Gray, Windham",Crooked-Songo,2007-06-19T00:00:00Z,2007,8.899999618530273,102
5786,Sebago Lake,"Gray, Windham",Crooked-Songo,2007-07-25T00:00:00Z,2007,8.899999618530273,102
5786,Sebago Lake,"Gray, Windham",Crooked-Songo,2007-08-16T00:00:00Z,2007,8.899999618530273,102
5786,Sebago Lake,"Gray, Windham",Crooked-Songo,2007-09-14T00:00:00Z,2007,9.100000381469727,102
5786,Sebago Lake,"Gray, Windham",Crooked-Songo,2007-10-26T00:00:00Z,2007,8.800000190734863,102
5786,Sebago Lake,"Gray, Windham",Crooked-Songo,2008-05-21T00:00:00Z,2008,7.199999809265137,102
5786,Sebago Lake,"Gray, Windham",Crooked-Songo,2008-06-11T00:00:00Z,2008,10.600000381469727,102
5786,Sebago Lake,"Gray, Windham",Crooked-Songo,2008-07-22T00:00:00Z,2008,10,102
5786,Sebago Lake,"Gray, Windham",Crooked-Songo,2008-08-27T00:00:00Z,2008,8.899999618530273,102
5786,Sebago Lake,"Gray, Windham",Crooked-Songo,2008-09-16T00:00:00Z,2008,7.699999809265137,102
5786,Sebago Lake,"Gray, Windham",Crooked-Songo,2008-10-24T00:00:00Z,2008,9.800000190734863,102
5786,Sebago Lake,"Gray, Windham",Crooked-Songo,2009-05-12T00:00:00Z,2009,7.900000095367432,102
5786,Sebago Lake,"Gray, Windham",Crooked-Songo,2009-06-25T00:00:00Z,2009,9,102
5786,Sebago Lake,"Gray, Windham",Crooked-Songo,2009-07-28T00:00:00Z,2009,7.650000095367432,102
5786,Sebago Lake,"Gray, Windham",Crooked-Songo,2009-08-06T00:00:00Z,2009,6.800000190734863,102
5786,Sebago Lake,"Gray, Windham",Crooked-Songo,2009-09-23T00:00:00Z,2009,8.600000381469727,102
5786,Sebago Lake,"Gray, Windham",Crooked-Songo,2009-10-20T00:00:00Z,2009,8.949999809265137,102
5786,Sebago Lake,"Gray, Windham",Crooked-Songo,2010-05-21T00:00:00Z,2010,9.699999809265137,102
5786,Sebago Lake,"Gray, Windham",Crooked-Songo,2010-06-25T00:00:00Z,2010,9.199999809265137,102
5786,Sebago Lake,"Gray, Windham",Crooked-Songo,2010-07-23T00:00:00Z,2010,9.399999618530273,102
5786,Sebago Lake,"Gray, Windham",Crooked-Songo,2010-08-10T00:00:00Z,2010,8.5,102
5786,Sebago Lake,"Gray, Windham",Crooked-Songo,2010-09-21T00:00:00Z,2010,9.5,102
5786,Sebago Lake,"Gray, Windham",Crooked-Songo,2010-10-14T00:00:00Z,2010,10.449999809265137,102
5786,Sebago Lake,"Gray, Windham",Crooked-Songo,2011-05-26T00:00:00Z,2011,8,102
5786,Sebago Lake,"Gray, Windham",Crooked-Songo,2011-06-28T00:00:00Z,2011,9.600000381469727,102
5786,Sebago Lake,"Gray, Windham",Crooked-Songo,2011-07-19T00:00:00Z,2011,11.100000381469727,102
5786,Sebago Lake,"Gray, Windham",Crooked-Songo,2011-08-12T00:00:00Z,2011,10.800000190734863,102
5786,Sebago Lake,"Gray, Windham",Crooked-Songo,2011-09-13T00:00:00Z,2011,8.699999809265137,102
5786,Sebago Lake,"Gray, Windham",Crooked-Songo,2011-10-12T00:00:00Z,2011,9.600000381469727,102
5786,Sebago Lake,"Gray, Windham",Crooked-Songo,2012-05-23T00:00:00Z,2012,9,102
5786,Sebago Lake,"Gray, Windham",Crooked-Songo,2012-06-19T00:00:00Z,2012,5.900000095367432,102
5786,Sebago Lake,"Gray, Windham",Crooked-Songo,2012-07-26T00:00:00Z,2012,8.800000190734863,102
5786,Sebago Lake,"Gray, Windham",Crooked-Songo,2012-08-27T00:00:00Z,2012,8.800000190734863,102
5786,Sebago Lake,"Gray, Windham",Crooked-Songo,2012-10-02T00:00:00Z,2012,10.399999618530273,102
5786,Sebago Lake,"Gray, Windham",Crooked-Songo,2012-10-17T00:00:00Z,2012,9.899999618530273,102
5786,Sebago Lake,"Gray, Windham",Crooked-Songo,2013-05-28T00:00:00Z,2013,7.599999904632568,102
5786,Sebago Lake,"Gray, Windham",Crooked-Songo,2013-06-18T00:00:00Z,2013,7.599999904632568,102
5786,Sebago Lake,"Gray, Windham",Crooked-Songo,2013-07-17T00:00:00Z,2013,8.100000381469727,102
5786,Sebago Lake,"Gray, Windham",Crooked-Songo,2013-08-19T00:00:00Z,2013,7,102
5786,Sebago Lake,"Gray, Windham",Crooked-Songo,2013-09-19T00:00:00Z,2013,7.800000190734863,102
5786,Sebago Lake,"Gray, Windham",Crooked-Songo,2013-10-29T00:00:00Z,2013,9.399999618530273,102
5786,Sebago Lake,"Gray, Windham",Harmons beach,2000-04-18T00:00:00Z,2000,10.600000381469727,103
5786,Sebago Lake,"Gray, Windham",Harmons beach,2000-05-10T00:00:00Z,2000,8.300000190734863,103
5786,Sebago Lake,"Gray, Windham",Harmons beach,2000-06-08T00:00:00Z,2000,10.100000381469727,103
5786,Sebago Lake,"Gray, Windham",Harmons beach,2000-07-10T00:00:00Z,2000,10.399999618530273,103
5786,Sebago Lake,"Gray, Windham",Harmons beach,2000-08-02T00:00:00Z,2000,10.899999618530273,103
5786,Sebago Lake,"Gray, Windham",Harmons beach,2000-09-12T00:00:00Z,2000,11.5,103
5786,Sebago Lake,"Gray, Windham",Harmons beach,2000-10-12T00:00:00Z,2000,11.5,103
5786,Sebago Lake,"Gray, Windham",Harmons beach,2000-11-08T00:00:00Z,2000,11,103
5786,Sebago Lake,"Gray, Windham",Harmons beach,2001-05-29T00:00:00Z,2001,9.600000381469727,103
5786,Sebago Lake,"Gray, Windham",Harmons beach,2001-06-12T00:00:00Z,2001,9.699999809265137,103
5786,Sebago Lake,"Gray, Windham",Harmons beach,2001-08-21T00:00:00Z,2001,8.699999809265137,103
5786,Sebago Lake,"Gray, Windham",Harmons beach,2001-09-11T00:00:00Z,2001,8,103
5786,Sebago Lake,"Gray, Windham",Harmons beach,2001-10-16T00:00:00Z,2001,11.600000381469727,103
5786,Sebago Lake,"Gray, Windham",Harmons beach,2002-06-20T00:00:00Z,2002,10.399999618530273,103
5786,Sebago Lake,"Gray, Windham",Harmons beach,2002-07-24T00:00:00Z,2002,12,103
5786,Sebago Lake,"Gray, Windham",Harmons beach,2002-08-27T00:00:00Z,2002,12.699999809265137,103
5786,Sebago Lake,"Gray, Windham",Harmons beach,2002-09-25T00:00:00Z,2002,10.5,103
5786,Sebago Lake,"Gray, Windham",Harmons beach,2002-10-10T00:00:00Z,2002,10.399999618530273,103
5786,Sebago Lake,"Gray, Windham",Harmons beach,2002-11-20T00:00:00Z,2002,12,103
5786,Sebago Lake,"Gray, Windham",Harmons beach,2003-05-19T00:00:00Z,2003,11.300000190734863,103
5786,Sebago Lake,"Gray, Windham",Harmons beach,2003-06-25T00:00:00Z,2003,10.100000381469727,103
5786,Sebago Lake,"Gray, Windham",Harmons beach,2003-08-05T00:00:00Z,2003,12.5,103
5786,Sebago Lake,"Gray, Windham",Harmons beach,2003-08-26T00:00:00Z,2003,10.800000190734863,103
5786,Sebago Lake,"Gray, Windham",Harmons beach,2003-10-07T00:00:00Z,2003,10.100000381469727,103
5786,Sebago Lake,"Gray, Windham",Harmons beach,2003-10-30T00:00:00Z,2003,11.100000381469727,103
5786,Sebago Lake,"Gray, Windham",Harmons beach,2004-05-25T00:00:00Z,2004,9.300000190734863,103
5786,Sebago Lake,"Gray, Windham",Harmons beach,2004-06-08T00:00:00Z,2004,10.800000190734863,103
5786,Sebago Lake,"Gray, Windham",Harmons beach,2004-07-29T00:00:00Z,2004,12.300000190734863,103
5786,Sebago Lake,"Gray, Windham",Harmons beach,2004-08-10T00:00:00Z,2004,12.5,103
5786,Sebago Lake,"Gray, Windham",Harmons beach,2004-10-26T00:00:00Z,2004,10.800000190734863,103
5786,Sebago Lake,"Gray, Windham",Harmons beach,2004-10-30T00:00:00Z,2004,12.399999618530273,103
5786,Sebago Lake,"Gray, Windham",Harmons beach,2005-05-19T00:00:00Z,2005,7.599999904632568,103
5786,Sebago Lake,"Gray, Windham",Harmons beach,2005-06-30T00:00:00Z,2005,8,103
5786,Sebago Lake,"Gray, Windham",Harmons beach,2005-07-26T00:00:00Z,2005,8.600000381469727,103
5786,Sebago Lake,"Gray, Windham",Harmons beach,2005-08-23T00:00:00Z,2005,6.5,103
5786,Sebago Lake,"Gray, Windham",Harmons beach,2005-09-21T00:00:00Z,2005,9.800000190734863,103
5786,Sebago Lake,"Gray, Windham",Harmons beach,2005-10-31T00:00:00Z,2005,9.5,103
5786,Sebago Lake,"Gray, Windham",Intakes,2000-04-18T00:00:00Z,2000,9.600000381469727,104
5786,Sebago Lake,"Gray, Windham",Intakes,2000-05-10T00:00:00Z,2000,8.600000381469727,104
5786,Sebago Lake,"Gray, Windham",Intakes,2000-06-08T00:00:00Z,2000,10.100000381469727,104
5786,Sebago Lake,"Gray, Windham",Intakes,2000-07-10T00:00:00Z,2000,10.899999618530273,104
5786,Sebago Lake,"Gray, Windham",Intakes,2000-08-02T00:00:00Z,2000,10.699999809265137,104
5786,Sebago Lake,"Gray, Windham",Intakes,2000-09-12T00:00:00Z,2000,11.399999618530273,104
5786,Sebago Lake,"Gray, Windham",Intakes,2000-10-12T00:00:00Z,2000,12,104
5786,Sebago Lake,"Gray, Windham",Intakes,2000-11-08T00:00:00Z,2000,10.699999809265137,104
5786,Sebago Lake,"Gray, Windham",Intakes,2001-05-29T00:00:00Z,2001,9.699999809265137,104
5786,Sebago Lake,"Gray, Windham",Intakes,2001-06-12T00:00:00Z,2001,9.800000190734863,104
5786,Sebago Lake,"Gray, Windham",Intakes,2001-07-30T00:00:00Z,2001,10,104
5786,Sebago Lake,"Gray, Windham",Intakes,2001-08-15T00:00:00Z,2001,9.300000190734863,104
5786,Sebago Lake,"Gray, Windham",Intakes,2001-09-11T00:00:00Z,2001,8.5,104
5786,Sebago Lake,"Gray, Windham",Intakes,2001-10-16T00:00:00Z,2001,11,104
5786,Sebago Lake,"Gray, Windham",Intakes,2001-11-15T00:00:00Z,2001,12.5,104
5786,Sebago Lake,"Gray, Windham",Intakes,2002-05-29T00:00:00Z,2002,10.800000190734863,104
5786,Sebago Lake,"Gray, Windham",Intakes,2002-06-21T00:00:00Z,2002,10.699999809265137,104
5786,Sebago Lake,"Gray, Windham",Intakes,2002-07-24T00:00:00Z,2002,12.300000190734863,104
5786,Sebago Lake,"Gray, Windham",Intakes,2002-08-30T00:00:00Z,2002,12.899999618530273,104
5786,Sebago Lake,"Gray, Windham",Intakes,2002-09-25T00:00:00Z,2002,10.100000381469727,104
5786,Sebago Lake,"Gray, Windham",Intakes,2003-05-19T00:00:00Z,2003,11.600000381469727,104
5786,Sebago Lake,"Gray, Windham",Intakes,2003-06-25T00:00:00Z,2003,11.199999809265137,104
5786,Sebago Lake,"Gray, Windham",Intakes,2003-08-05T00:00:00Z,2003,12.5,104
5786,Sebago Lake,"Gray, Windham",Intakes,2003-08-26T00:00:00Z,2003,10.5,104
5786,Sebago Lake,"Gray, Windham",Intakes,2003-10-07T00:00:00Z,2003,10,104
5786,Sebago Lake,"Gray, Windham",Intakes,2003-10-31T00:00:00Z,2003,11.600000381469727,104
5786,Sebago Lake,"Gray, Windham",Intakes,2004-05-12T00:00:00Z,2004,10.100000381469727,104
5786,Sebago Lake,"Gray, Windham",Intakes,2004-06-23T00:00:00Z,2004,11,104
5786,Sebago Lake,"Gray, Windham",Intakes,2004-07-27T00:00:00Z,2004,11.100000381469727,104
5786,Sebago Lake,"Gray, Windham",Intakes,2004-08-17T00:00:00Z,2004,10.899999618530273,104
5786,Sebago Lake,"Gray, Windham",Intakes,2004-09-30T00:00:00Z,2004,12.800000190734863,104
5786,Sebago Lake,"Gray, Windham",Intakes,2004-10-26T00:00:00Z,2004,11,104
5786,Sebago Lake,"Gray, Windham",Intakes,2005-05-18T00:00:00Z,2005,9,104
5786,Sebago Lake,"Gray, Windham",Intakes,2005-06-30T00:00:00Z,2005,8.199999809265137,104
5786,Sebago Lake,"Gray, Windham",Intakes,2005-07-20T00:00:00Z,2005,9.399999618530273,104
5786,Sebago Lake,"Gray, Windham",Intakes,2005-09-02T00:00:00Z,2005,9.300000190734863,104
5786,Sebago Lake,"Gray, Windham",Intakes,2005-09-28T00:00:00Z,2005,10.5,104
5786,Sebago Lake,"Gray, Windham",Intakes,2005-11-15T00:00:00Z,2005,9,104
5786,Sebago Lake,"Gray, Windham",Intakes,2006-05-25T00:00:00Z,2006,8.800000190734863,104
5786,Sebago Lake,"Gray, Windham",Intakes,2006-06-27T00:00:00Z,2006,7.400000095367432,104
5786,Sebago Lake,"Gray, Windham",Intakes,2006-07-18T00:00:00Z,2006,7.5,104
5786,Sebago Lake,"Gray, Windham",Intakes,2006-08-16T00:00:00Z,2006,6.800000190734863,104
5786,Sebago Lake,"Gray, Windham",Intakes,2006-10-31T00:00:00Z,2006,9,104
5786,Sebago Lake,"Gray, Windham",Intakes,2007-05-25T00:00:00Z,2007,8.800000190734863,104
5786,Sebago Lake,"Gray, Windham",Intakes,2007-06-19T00:00:00Z,2007,9.399999618530273,104
5786,Sebago Lake,"Gray, Windham",Intakes,2007-07-25T00:00:00Z,2007,9.600000381469727,104
5786,Sebago Lake,"Gray, Windham",Intakes,2007-08-16T00:00:00Z,2007,8.899999618530273,104
5786,Sebago Lake,"Gray, Windham",Intakes,2007-09-14T00:00:00Z,2007,8.600000381469727,104
5786,Sebago Lake,"Gray, Windham",Intakes,2007-10-26T00:00:00Z,2007,9.800000190734863,104
5786,Sebago Lake,"Gray, Windham",Intakes,2008-05-21T00:00:00Z,2008,8.699999809265137,104
5786,Sebago Lake,"Gray, Windham",Intakes,2008-06-24T00:00:00Z,2008,9.899999618530273,104
5786,Sebago Lake,"Gray, Windham",Intakes,2008-07-22T00:00:00Z,2008,11.100000381469727,104
5786,Sebago Lake,"Gray, Windham",Intakes,2008-08-27T00:00:00Z,2008,9.699999809265137,104
5786,Sebago Lake,"Gray, Windham",Intakes,2008-09-16T00:00:00Z,2008,8.899999618530273,104
5786,Sebago Lake,"Gray, Windham",Intakes,2008-10-24T00:00:00Z,2008,9.699999809265137,104
5786,Sebago Lake,"Gray, Windham",Intakes,2009-05-12T00:00:00Z,2009,9.100000381469727,104
5786,Sebago Lake,"Gray, Windham",Intakes,2009-06-25T00:00:00Z,2009,8.600000381469727,104
5786,Sebago Lake,"Gray, Windham",Intakes,2009-07-28T00:00:00Z,2009,10.649999618530273,104
5786,Sebago Lake,"Gray, Windham",Intakes,2009-08-13T00:00:00Z,2009,9.5,104
5786,Sebago Lake,"Gray, Windham",Intakes,2009-09-23T00:00:00Z,2009,9.550000190734863,104
5786,Sebago Lake,"Gray, Windham",Intakes,2010-05-21T00:00:00Z,2010,10,104
5786,Sebago Lake,"Gray, Windham",Intakes,2010-06-25T00:00:00Z,2010,9.399999618530273,104
5786,Sebago Lake,"Gray, Windham",Intakes,2010-07-23T00:00:00Z,2010,10.300000190734863,104
5786,Sebago Lake,"Gray, Windham",Intakes,2010-08-10T00:00:00Z,2010,8.699999809265137,104
5786,Sebago Lake,"Gray, Windham",Intakes,2010-09-21T00:00:00Z,2010,10.199999809265137,104
5786,Sebago Lake,"Gray, Windham",Intakes,2010-10-28T00:00:00Z,2010,10.600000381469727,104
5786,Sebago Lake,"Gray, Windham",Intakes,2011-05-27T00:00:00Z,2011,9,104
5786,Sebago Lake,"Gray, Windham",Intakes,2011-06-27T00:00:00Z,2011,10.300000190734863,104
5786,Sebago Lake,"Gray, Windham",Intakes,2011-07-19T00:00:00Z,2011,11.399999618530273,104
5786,Sebago Lake,"Gray, Windham",Intakes,2011-08-12T00:00:00Z,2011,10.100000381469727,104
5786,Sebago Lake,"Gray, Windham",Intakes,2011-09-13T00:00:00Z,2011,9.699999809265137,104
5786,Sebago Lake,"Gray, Windham",Intakes,2011-10-12T00:00:00Z,2011,10,104
5786,Sebago Lake,"Gray, Windham",Intakes,2012-05-25T00:00:00Z,2012,9.899999618530273,104
5786,Sebago Lake,"Gray, Windham",Intakes,2012-06-19T00:00:00Z,2012,8.300000190734863,104
5786,Sebago Lake,"Gray, Windham",Intakes,2012-07-20T00:00:00Z,2012,9.899999618530273,104
5786,Sebago Lake,"Gray, Windham",Intakes,2012-08-27T00:00:00Z,2012,9,104
5786,Sebago Lake,"Gray, Windham",Intakes,2012-10-02T00:00:00Z,2012,9.300000190734863,104
5786,Sebago Lake,"Gray, Windham",Intakes,2012-10-17T00:00:00Z,2012,10.199999809265137,104
5786,Sebago Lake,"Gray, Windham",Intakes,2013-05-28T00:00:00Z,2013,9,104
5786,Sebago Lake,"Gray, Windham",Intakes,2013-06-18T00:00:00Z,2013,8.399999618530273,104
5786,Sebago Lake,"Gray, Windham",Intakes,2013-07-17T00:00:00Z,2013,11.300000190734863,104
5786,Sebago Lake,"Gray, Windham",Intakes,2013-08-19T00:00:00Z,2013,7.199999809265137,104
5786,Sebago Lake,"Gray, Windham",Intakes,2013-09-19T00:00:00Z,2013,8.399999618530273,104
5786,Sebago Lake,"Gray, Windham",Intakes,2013-10-29T00:00:00Z,2013,10.100000381469727,104
5786,Sebago Lake,"Gray, Windham",Jordan Bay,1990-06-22T00:00:00Z,1990,11.494999885559082,105
5786,Sebago Lake,"Gray, Windham",Jordan Bay,1990-07-03T00:00:00Z,1990,12.017499923706055,105
5786,Sebago Lake,"Gray, Windham",Jordan Bay,1990-07-17T00:00:00Z,1990,14.83899974822998,105
5786,Sebago Lake,"Gray, Windham",Jordan Bay,1990-08-03T00:00:00Z,1990,14.212000846862793,105
5786,Sebago Lake,"Gray, Windham",Jordan Bay,1990-08-13T00:00:00Z,1990,12.74899959564209,105
5786,Sebago Lake,"Gray, Windham",Jordan Bay,1990-08-27T00:00:00Z,1990,11.703999519348145,105
5786,Sebago Lake,"Gray, Windham",Jordan Bay,1990-09-11T00:00:00Z,1990,11.703999519348145,105
5786,Sebago Lake,"Gray, Windham",Jordan Bay,1990-09-25T00:00:00Z,1990,12.539999961853027,105
5786,Sebago Lake,"Gray, Windham",Jordan Bay,1990-10-17T00:00:00Z,1990,12.331000328063965,105
5786,Sebago Lake,"Gray, Windham",Jordan Bay,1990-11-01T00:00:00Z,1990,12.644500732421875,105
5786,Sebago Lake,"Gray, Windham",Jordan Bay,1991-07-15T00:00:00Z,1991,15.256999969482422,105
5786,Sebago Lake,"Gray, Windham",Jordan Bay,1991-07-30T00:00:00Z,1991,13.37600040435791,105
5786,Sebago Lake,"Gray, Windham",Jordan Bay,1991-08-13T00:00:00Z,1991,14.212000846862793,105
5786,Sebago Lake,"Gray, Windham",Jordan Bay,1991-09-13T00:00:00Z,1991,10.6589994430542,105
5786,Sebago Lake,"Gray, Windham",Jordan Bay,1991-09-24T00:00:00Z,1991,10.868000030517578,105
5786,Sebago Lake,"Gray, Windham",Jordan Bay,1991-10-10T00:00:00Z,1991,11.808500289916992,105
5786,Sebago Lake,"Gray, Windham",Jordan Bay,1991-10-24T00:00:00Z,1991,10.97249984741211,105
5786,Sebago Lake,"Gray, Windham",Jordan Bay,1992-06-03T00:00:00Z,1992,10.6589994430542,105
5786,Sebago Lake,"Gray, Windham",Jordan Bay,1992-06-17T00:00:00Z,1992,12.017499923706055,105
5786,Sebago Lake,"Gray, Windham",Jordan Bay,1992-07-14T00:00:00Z,1992,12.122000694274902,105
5786,Sebago Lake,"Gray, Windham",Jordan Bay,1992-08-07T00:00:00Z,1992,14.002999305725098,105
5786,Sebago Lake,"Gray, Windham",Jordan Bay,1992-08-21T00:00:00Z,1992,11.494999885559082,105
5786,Sebago Lake,"Gray, Windham",Jordan Bay,1992-10-07T00:00:00Z,1992,13.898500442504883,105
5786,Sebago Lake,"Gray, Windham",Jordan Bay,1992-10-23T00:00:00Z,1992,13.271499633789062,105
5786,Sebago Lake,"Gray, Windham",Jordan Bay,1993-06-24T00:00:00Z,1993,11.703999519348145,105
5786,Sebago Lake,"Gray, Windham",Jordan Bay,1993-07-08T00:00:00Z,1993,13.793999671936035,105
5786,Sebago Lake,"Gray, Windham",Jordan Bay,1993-07-26T00:00:00Z,1993,14.421000480651855,105
5786,Sebago Lake,"Gray, Windham",Jordan Bay,1993-08-09T00:00:00Z,1993,13.793999671936035,105
5786,Sebago Lake,"Gray, Windham",Jordan Bay,1993-08-30T00:00:00Z,1993,12.853500366210938,105
5786,Sebago Lake,"Gray, Windham",Jordan Bay,1993-09-09T00:00:00Z,1993,10.345499992370605,105
5786,Sebago Lake,"Gray, Windham",Jordan Bay,1993-10-06T00:00:00Z,1993,10.241000175476074,105
5786,Sebago Lake,"Gray, Windham",Jordan Bay,1993-10-26T00:00:00Z,1993,11.39050006866455,105
5786,Sebago Lake,"Gray, Windham",Jordan Bay,1994-06-17T00:00:00Z,1994,11.703999519348145,105
5786,Sebago Lake,"Gray, Windham",Jordan Bay,1994-06-30T00:00:00Z,1994,12.853500366210938,105
5786,Sebago Lake,"Gray, Windham",Jordan Bay,1994-07-20T00:00:00Z,1994,15.883999824523926,105
5786,Sebago Lake,"Gray, Windham",Jordan Bay,1994-08-03T00:00:00Z,1994,13.37600040435791,105
5786,Sebago Lake,"Gray, Windham",Jordan Bay,1994-08-16T00:00:00Z,1994,15.15250015258789,105
5786,Sebago Lake,"Gray, Windham",Jordan Bay,1994-09-14T00:00:00Z,1994,12.017499923706055,105
5786,Sebago Lake,"Gray, Windham",Jordan Bay,1994-10-07T00:00:00Z,1994,12.74899959564209,105
5786,Sebago Lake,"Gray, Windham",Jordan Bay,1994-10-25T00:00:00Z,1994,12.331000328063965,105
5786,Sebago Lake,"Gray, Windham",Jordan Bay,1995-06-13T00:00:00Z,1995,13.480499267578125,105
5786,Sebago Lake,"Gray, Windham",Jordan Bay,1995-06-29T00:00:00Z,1995,14.630000114440918,105
5786,Sebago Lake,"Gray, Windham",Jordan Bay,1995-07-11T00:00:00Z,1995,12.74899959564209,105
5786,Sebago Lake,"Gray, Windham",Jordan Bay,1995-10-05T00:00:00Z,1995,9.927499771118164,105
5786,Sebago Lake,"Gray, Windham",Jordan Bay,1996-06-06T00:00:00Z,1996,11.181499481201172,105
5786,Sebago Lake,"Gray, Windham",Jordan Bay,1996-06-20T00:00:00Z,1996,9.822999954223633,105
5786,Sebago Lake,"Gray, Windham",Jordan Bay,1996-07-02T00:00:00Z,1996,11.59950065612793,105
5786,Sebago Lake,"Gray, Windham",Jordan Bay,1996-07-16T00:00:00Z,1996,12.331000328063965,105
5786,Sebago Lake,"Gray, Windham",Jordan Bay,1996-07-30T00:00:00Z,1996,10.868000030517578,105
5786,Sebago Lake,"Gray, Windham",Jordan Bay,1996-08-15T00:00:00Z,1996,11.181499481201172,105
5786,Sebago Lake,"Gray, Windham",Jordan Bay,1996-08-30T00:00:00Z,1996,12.43549919128418,105
5786,Sebago Lake,"Gray, Windham",Jordan Bay,1996-09-12T00:00:00Z,1996,11.703999519348145,105
5786,Sebago Lake,"Gray, Windham",Jordan Bay,1996-10-10T00:00:00Z,1996,11.28600025177002,105
5786,Sebago Lake,"Gray, Windham",Jordan Bay,1996-10-23T00:00:00Z,1996,10.868000030517578,105
5786,Sebago Lake,"Gray, Windham",Jordan Bay,1998-05-20T00:00:00Z,1998,9.600000381469727,105
5786,Sebago Lake,"Gray, Windham",Jordan Bay,1998-06-09T00:00:00Z,1998,9.600000381469727,105
5786,Sebago Lake,"Gray, Windham",Jordan Bay,1998-07-14T00:00:00Z,1998,6.099999904632568,105
5786,Sebago Lake,"Gray, Windham",Jordan Bay,1998-08-06T00:00:00Z,1998,7.599999904632568,105
5786,Sebago Lake,"Gray, Windham",Jordan Bay,1998-09-22T00:00:00Z,1998,7.900000095367432,105
5786,Sebago Lake,"Gray, Windham",Jordan Bay,1998-10-23T00:00:00Z,1998,8.300000190734863,105
5786,Sebago Lake,"Gray, Windham",Jordan Bay,1998-11-10T00:00:00Z,1998,7.900000095367432,105
5786,Sebago Lake,"Gray, Windham",Jordan Bay,1999-04-30T00:00:00Z,1999,10.199999809265137,105
5786,Sebago Lake,"Gray, Windham",Jordan Bay,1999-05-20T00:00:00Z,1999,7.300000190734863,105
5786,Sebago Lake,"Gray, Windham",Jordan Bay,1999-06-16T00:00:00Z,1999,9.699999809265137,105
5786,Sebago Lake,"Gray, Windham",Jordan Bay,1999-07-20T00:00:00Z,1999,11.300000190734863,105
5786,Sebago Lake,"Gray, Windham",Jordan Bay,1999-08-17T00:00:00Z,1999,10,105
5786,Sebago Lake,"Gray, Windham",Jordan Bay,1999-09-08T00:00:00Z,1999,9.899999618530273,105
5786,Sebago Lake,"Gray, Windham",Jordan Bay,1999-09-27T00:00:00Z,1999,9.5,105
5786,Sebago Lake,"Gray, Windham",Jordan Bay,1999-10-19T00:00:00Z,1999,10.800000190734863,105
5786,Sebago Lake,"Gray, Windham",Jordan Bay,2000-04-28T00:00:00Z,2000,9.800000190734863,105
5786,Sebago Lake,"Gray, Windham",Jordan Bay,2000-05-16T00:00:00Z,2000,9.800000190734863,105
5786,Sebago Lake,"Gray, Windham",Jordan Bay,2000-06-14T00:00:00Z,2000,9.800000190734863,105
5786,Sebago Lake,"Gray, Windham",Jordan Bay,2000-07-19T00:00:00Z,2000,12.300000190734863,105
5786,Sebago Lake,"Gray, Windham",Jordan Bay,2000-08-22T00:00:00Z,2000,12,105
5786,Sebago Lake,"Gray, Windham",Jordan Bay,2000-09-27T00:00:00Z,2000,11.300000190734863,105
5786,Sebago Lake,"Gray, Windham",Jordan Bay,2000-10-17T00:00:00Z,2000,11,105
5786,Sebago Lake,"Gray, Windham",Jordan Bay,2000-11-09T00:00:00Z,2000,11.5,105
5786,Sebago Lake,"Gray, Windham",Jordan Bay,2001-05-22T00:00:00Z,2001,9.600000381469727,105
5786,Sebago Lake,"Gray, Windham",Jordan Bay,2001-06-27T00:00:00Z,2001,12,105
5786,Sebago Lake,"Gray, Windham",Jordan Bay,2001-07-25T00:00:00Z,2001,9.899999618530273,105
5786,Sebago Lake,"Gray, Windham",Jordan Bay,2001-08-28T00:00:00Z,2001,8.899999618530273,105
5786,Sebago Lake,"Gray, Windham",Jordan Bay,2001-10-03T00:00:00Z,2001,9.800000190734863,105
5786,Sebago Lake,"Gray, Windham",Jordan Bay,2001-10-29T00:00:00Z,2001,11.800000190734863,105
5786,Sebago Lake,"Gray, Windham",Jordan Bay,2001-11-15T00:00:00Z,2001,12.399999618530273,105
5786,Sebago Lake,"Gray, Windham",Jordan Bay,2002-05-30T00:00:00Z,2002,9.899999618530273,105
5786,Sebago Lake,"Gray, Windham",Jordan Bay,2002-06-18T00:00:00Z,2002,10.600000381469727,105
5786,Sebago Lake,"Gray, Windham",Jordan Bay,2002-07-31T00:00:00Z,2002,13.5,105
5786,Sebago Lake,"Gray, Windham",Jordan Bay,2002-08-26T00:00:00Z,2002,12.800000190734863,105
5786,Sebago Lake,"Gray, Windham",Jordan Bay,2002-09-19T00:00:00Z,2002,10.800000190734863,105
5786,Sebago Lake,"Gray, Windham",Jordan Bay,2002-10-15T00:00:00Z,2002,11.800000190734863,105
5786,Sebago Lake,"Gray, Windham",Jordan Bay,2002-11-20T00:00:00Z,2002,12.699999809265137,105
5786,Sebago Lake,"Gray, Windham",Jordan Bay,2003-05-28T00:00:00Z,2003,10.449999809265137,105
5786,Sebago Lake,"Gray, Windham",Jordan Bay,2003-06-25T00:00:00Z,2003,10,105
5786,Sebago Lake,"Gray, Windham",Jordan Bay,2003-07-29T00:00:00Z,2003,14.800000190734863,105
5786,Sebago Lake,"Gray, Windham",Jordan Bay,2003-08-20T00:00:00Z,2003,11.300000190734863,105
5786,Sebago Lake,"Gray, Windham",Jordan Bay,2003-09-30T00:00:00Z,2003,9.699999809265137,105
5786,Sebago Lake,"Gray, Windham",Jordan Bay,2003-10-31T00:00:00Z,2003,10.699999809265137,105
5786,Sebago Lake,"Gray, Windham",Jordan Bay,2004-05-25T00:00:00Z,2004,9.800000190734863,105
5786,Sebago Lake,"Gray, Windham",Jordan Bay,2004-06-08T00:00:00Z,2004,11.199999809265137,105
5786,Sebago Lake,"Gray, Windham",Jordan Bay,2004-07-29T00:00:00Z,2004,11.300000190734863,105
5786,Sebago Lake,"Gray, Windham",Jordan Bay,2004-08-10T00:00:00Z,2004,12.899999618530273,105
5786,Sebago Lake,"Gray, Windham",Jordan Bay,2004-09-27T00:00:00Z,2004,12.800000190734863,105
5786,Sebago Lake,"Gray, Windham",Jordan Bay,2004-10-26T00:00:00Z,2004,11.100000381469727,105
5786,Sebago Lake,"Gray, Windham",Jordan Bay,2005-05-19T00:00:00Z,2005,8,105
5786,Sebago Lake,"Gray, Windham",Jordan Bay,2005-06-30T00:00:00Z,2005,8.399999618530273,105
5786,Sebago Lake,"Gray, Windham",Jordan Bay,2005-07-26T00:00:00Z,2005,10,105
5786,Sebago Lake,"Gray, Windham",Jordan Bay,2005-08-23T00:00:00Z,2005,9.699999809265137,105
5786,Sebago Lake,"Gray, Windham",Jordan Bay,2005-09-21T00:00:00Z,2005,9.899999618530273,105
5786,Sebago Lake,"Gray, Windham",Jordan Bay,2005-10-31T00:00:00Z,2005,10.300000190734863,105
5786,Sebago Lake,"Gray, Windham",Jordan Bay,2006-05-25T00:00:00Z,2006,9,105
5786,Sebago Lake,"Gray, Windham",Jordan Bay,2006-06-20T00:00:00Z,2006,8.800000190734863,105
5786,Sebago Lake,"Gray, Windham",Jordan Bay,2006-07-20T00:00:00Z,2006,9.399999618530273,105
5786,Sebago Lake,"Gray, Windham",Jordan Bay,2006-08-09T00:00:00Z,2006,9.600000381469727,105
5786,Sebago Lake,"Gray, Windham",Jordan Bay,2006-09-14T00:00:00Z,2006,8.899999618530273,105
5786,Sebago Lake,"Gray, Windham",Jordan Bay,2006-10-17T00:00:00Z,2006,8.699999809265137,105
5786,Sebago Lake,"Gray, Windham",Jordan Bay,2007-05-24T00:00:00Z,2007,9.300000190734863,105
5786,Sebago Lake,"Gray, Windham",Jordan Bay,2007-06-26T00:00:00Z,2007,9.699999809265137,105
5786,Sebago Lake,"Gray, Windham",Jordan Bay,2007-07-26T00:00:00Z,2007,9.100000381469727,105
5786,Sebago Lake,"Gray, Windham",Jordan Bay,2007-08-21T00:00:00Z,2007,9.600000381469727,105
5786,Sebago Lake,"Gray, Windham",Jordan Bay,2007-09-11T00:00:00Z,2007,8.699999809265137,105
5786,Sebago Lake,"Gray, Windham",Jordan Bay,2007-10-24T00:00:00Z,2007,8.399999618530273,105
5786,Sebago Lake,"Gray, Windham",Jordan Bay,2008-05-30T00:00:00Z,2008,10,105
5786,Sebago Lake,"Gray, Windham",Jordan Bay,2008-06-10T00:00:00Z,2008,10.800000190734863,105
5786,Sebago Lake,"Gray, Windham",Jordan Bay,2008-07-30T00:00:00Z,2008,11.699999809265137,105
5786,Sebago Lake,"Gray, Windham",Jordan Bay,2008-08-14T00:00:00Z,2008,12.25,105
5786,Sebago Lake,"Gray, Windham",Jordan Bay,2008-09-24T00:00:00Z,2008,9.699999809265137,105
5786,Sebago Lake,"Gray, Windham",Jordan Bay,2008-10-28T00:00:00Z,2008,9.100000381469727,105
5786,Sebago Lake,"Gray, Windham",Jordan Bay,2009-05-20T00:00:00Z,2009,8.949999809265137,105
5786,Sebago Lake,"Gray, Windham",Jordan Bay,2009-06-17T00:00:00Z,2009,9.390000343322754,105
5786,Sebago Lake,"Gray, Windham",Jordan Bay,2009-07-21T00:00:00Z,2009,9.5,105
5786,Sebago Lake,"Gray, Windham",Jordan Bay,2009-08-25T00:00:00Z,2009,10.149999618530273,105
5786,Sebago Lake,"Gray, Windham",Jordan Bay,2009-09-28T00:00:00Z,2009,9.5,105
5786,Sebago Lake,"Gray, Windham",Jordan Bay,2009-10-21T00:00:00Z,2009,9.34000015258789,105
5786,Sebago Lake,"Gray, Windham",Jordan Bay,2010-05-24T00:00:00Z,2010,9.5,105
5786,Sebago Lake,"Gray, Windham",Jordan Bay,2010-06-18T00:00:00Z,2010,10.100000381469727,105
5786,Sebago Lake,"Gray, Windham",Jordan Bay,2010-07-28T00:00:00Z,2010,9.5,105
5786,Sebago Lake,"Gray, Windham",Jordan Bay,2010-08-26T00:00:00Z,2010,8.699999809265137,105
5786,Sebago Lake,"Gray, Windham",Jordan Bay,2010-09-21T00:00:00Z,2010,10.199999809265137,105
5786,Sebago Lake,"Gray, Windham",Jordan Bay,2010-10-28T00:00:00Z,2010,10.100000381469727,105
5786,Sebago Lake,"Gray, Windham",Jordan Bay,2011-05-20T00:00:00Z,2011,8.5,105
5786,Sebago Lake,"Gray, Windham",Jordan Bay,2011-06-21T00:00:00Z,2011,10.199999809265137,105
5786,Sebago Lake,"Gray, Windham",Jordan Bay,2011-07-25T00:00:00Z,2011,12.300000190734863,105
5786,Sebago Lake,"Gray, Windham",Jordan Bay,2011-08-18T00:00:00Z,2011,11,105
5786,Sebago Lake,"Gray, Windham",Jordan Bay,2011-09-12T00:00:00Z,2011,10.600000381469727,105
5786,Sebago Lake,"Gray, Windham",Jordan Bay,2011-10-11T00:00:00Z,2011,10.399999618530273,105
5786,Sebago Lake,"Gray, Windham",Jordan Bay,2011-10-24T00:00:00Z,2011,10.399999618530273,105
5786,Sebago Lake,"Gray, Windham",Jordan Bay,2012-04-25T00:00:00Z,2012,9.600000381469727,105
5786,Sebago Lake,"Gray, Windham",Jordan Bay,2012-05-21T00:00:00Z,2012,11.399999618530273,105
5786,Sebago Lake,"Gray, Windham",Jordan Bay,2012-06-22T00:00:00Z,2012,9,105
5786,Sebago Lake,"Gray, Windham",Jordan Bay,2012-07-26T00:00:00Z,2012,9,105
5786,Sebago Lake,"Gray, Windham",Jordan Bay,2012-08-14T00:00:00Z,2012,8.699999809265137,105
5786,Sebago Lake,"Gray, Windham",Jordan Bay,2012-09-28T00:00:00Z,2012,9.300000190734863,105
5786,Sebago Lake,"Gray, Windham",Jordan Bay,2012-10-18T00:00:00Z,2012,10,105
5786,Sebago Lake,"Gray, Windham",Jordan Bay,2013-05-22T00:00:00Z,2013,8.399999618530273,105
5786,Sebago Lake,"Gray, Windham",Jordan Bay,2013-06-14T00:00:00Z,2013,9.399999618530273,105
5786,Sebago Lake,"Gray, Windham",Jordan Bay,2013-07-24T00:00:00Z,2013,11.899999618530273,105
5786,Sebago Lake,"Gray, Windham",Jordan Bay,2013-08-26T00:00:00Z,2013,7.900000095367432,105
5786,Sebago Lake,"Gray, Windham",Jordan Bay,2013-09-30T00:00:00Z,2013,8.399999618530273,105
5786,Sebago Lake,"Gray, Windham",Jordan Bay,2013-10-21T00:00:00Z,2013,9.699999809265137,105
5786,Sebago Lake,"Gray, Windham",Jordan Bay,2014-05-13T00:00:00Z,2014,9,105
5786,Sebago Lake,"Gray, Windham",Jordan Bay,2014-06-17T00:00:00Z,2014,11.199999809265137,105
5786,Sebago Lake,"Gray, Windham",Jordan Bay,2014-08-01T00:00:00Z,2014,12,105
5786,Sebago Lake,"Gray, Windham",Jordan Bay,2014-08-21T00:00:00Z,2014,9,105
5786,Sebago Lake,"Gray, Windham",Jordan Bay,2014-09-25T00:00:00Z,2014,9,105
5786,Sebago Lake,"Gray, Windham",Jordan Bay,2014-10-29T00:00:00Z,2014,10.5,105
5786,Sebago Lake,"Gray, Windham",Jordan Bay,2015-05-29T00:00:00Z,2015,11.100000381469727,105
5786,Sebago Lake,"Gray, Windham",Jordan Bay,2015-06-26T00:00:00Z,2015,13.5,105
5786,Sebago Lake,"Gray, Windham",Jordan Bay,2015-07-17T00:00:00Z,2015,13.5,105
5786,Sebago Lake,"Gray, Windham",Jordan Bay,2015-08-12T00:00:00Z,2015,12.100000381469727,105
5786,Sebago Lake,"Gray, Windham",Jordan Bay,2015-09-25T00:00:00Z,2015,11.5,105
5786,Sebago Lake,"Gray, Windham",Jordan Bay,2015-10-15T00:00:00Z,2015,12.699999809265137,105
5786,Sebago Lake,"Gray, Windham",Jordan Bay,2016-05-20T00:00:00Z,2016,11,105
5786,Sebago Lake,"Gray, Windham",Jordan Bay,2016-06-16T00:00:00Z,2016,10.600000381469727,105
5786,Sebago Lake,"Gray, Windham",Jordan Bay,2016-07-12T00:00:00Z,2016,12.600000381469727,105
5786,Sebago Lake,"Gray, Windham",Jordan Bay,2016-08-30T00:00:00Z,2016,11.699999809265137,105
5786,Sebago Lake,"Gray, Windham",Jordan Bay,2016-09-26T00:00:00Z,2016,12,105
5786,Sebago Lake,"Gray, Windham",Jordan Bay,2016-10-13T00:00:00Z,2016,12.100000381469727,105
5786,Sebago Lake,"Gray, Windham",Jordan Bay,2017-05-24T00:00:00Z,2017,8.699999809265137,105
5786,Sebago Lake,"Gray, Windham",Jordan Bay,2017-06-23T00:00:00Z,2017,9.5,105
5786,Sebago Lake,"Gray, Windham",Jordan Bay,2017-07-19T00:00:00Z,2017,11.899999618530273,105
5786,Sebago Lake,"Gray, Windham",Jordan Bay,2017-08-21T00:00:00Z,2017,8.699999809265137,105
5786,Sebago Lake,"Gray, Windham",Jordan Bay,2017-09-26T00:00:00Z,2017,11.399999618530273,105
5786,Sebago Lake,"Gray, Windham",Jordan Bay,2017-10-23T00:00:00Z,2017,12.199999809265137,105
5786,Sebago Lake,"Gray, Windham",Jordan Bay,2018-05-22T00:00:00Z,2018,9.5,105
5786,Sebago Lake,"Gray, Windham",Jordan Bay,2018-06-27T00:00:00Z,2018,12.199999809265137,105
5786,Sebago Lake,"Gray, Windham",Jordan Bay,2018-07-20T00:00:00Z,2018,15.5,105
5786,Sebago Lake,"Gray, Windham",Jordan Bay,2018-08-24T00:00:00Z,2018,8.5,105
5786,Sebago Lake,"Gray, Windham",Jordan Bay,2018-09-13T00:00:00Z,2018,10.300000190734863,105
5786,Sebago Lake,"Gray, Windham",Lower Bay,1976-06-23T00:00:00Z,1976,10.387300491333008,106
5786,Sebago Lake,"Gray, Windham",Lower Bay,1976-06-24T00:00:00Z,1976,10.491799354553223,106
5786,Sebago Lake,"Gray, Windham",Lower Bay,1976-06-28T00:00:00Z,1976,10.59630012512207,106
5786,Sebago Lake,"Gray, Windham",Lower Bay,1976-06-29T00:00:00Z,1976,10.700799942016602,106
5786,Sebago Lake,"Gray, Windham",Lower Bay,1976-07-01T00:00:00Z,1976,11.536799430847168,106
5786,Sebago Lake,"Gray, Windham",Lower Bay,1976-07-05T00:00:00Z,1976,10.700799942016602,106
5786,Sebago Lake,"Gray, Windham",Lower Bay,1976-07-09T00:00:00Z,1976,10.59630012512207,106
5786,Sebago Lake,"Gray, Windham",Lower Bay,1976-07-10T00:00:00Z,1976,10.178299903869629,106
5786,Sebago Lake,"Gray, Windham",Lower Bay,1976-07-11T00:00:00Z,1976,10.073800086975098,106
5786,Sebago Lake,"Gray, Windham",Lower Bay,1976-07-15T00:00:00Z,1976,10.700799942016602,106
5786,Sebago Lake,"Gray, Windham",Lower Bay,1976-07-21T00:00:00Z,1976,9.7602996826171875,106
5786,Sebago Lake,"Gray, Windham",Lower Bay,1976-07-23T00:00:00Z,1976,10.90980052947998,106
5786,Sebago Lake,"Gray, Windham",Lower Bay,1976-08-04T00:00:00Z,1976,7.670300006866455,106
5786,Sebago Lake,"Gray, Windham",Lower Bay,1976-08-13T00:00:00Z,1976,7.983800411224365,106
5786,Sebago Lake,"Gray, Windham",Lower Bay,1976-08-21T00:00:00Z,1976,7.670300006866455,106
5786,Sebago Lake,"Gray, Windham",Lower Bay,1976-08-24T00:00:00Z,1976,9.133299827575684,106
5786,Sebago Lake,"Gray, Windham",Lower Bay,1976-08-25T00:00:00Z,1976,9.237799644470215,106
5786,Sebago Lake,"Gray, Windham",Lower Bay,1976-08-26T00:00:00Z,1976,9.446800231933594,106
5786,Sebago Lake,"Gray, Windham",Lower Bay,1976-09-03T00:00:00Z,1976,7.670300006866455,106
5786,Sebago Lake,"Gray, Windham",Lower Bay,1976-09-17T00:00:00Z,1976,8.610799789428711,106
5786,Sebago Lake,"Gray, Windham",Lower Bay,1976-10-01T00:00:00Z,1976,7.983800411224365,106
5786,Sebago Lake,"Gray, Windham",Lower Bay,1977-07-08T00:00:00Z,1977,7.670300006866455,106
5786,Sebago Lake,"Gray, Windham",Lower Bay,1977-07-15T00:00:00Z,1977,10.178299903869629,106
5786,Sebago Lake,"Gray, Windham",Lower Bay,1977-07-27T00:00:00Z,1977,9.551300048828125,106
5786,Sebago Lake,"Gray, Windham",Lower Bay,1977-08-04T00:00:00Z,1977,9.237799644470215,106
5786,Sebago Lake,"Gray, Windham",Lower Bay,1977-08-11T00:00:00Z,1977,8.81980037689209,106
5786,Sebago Lake,"Gray, Windham",Lower Bay,1977-08-16T00:00:00Z,1977,8.19279956817627,106
5786,Sebago Lake,"Gray, Windham",Lower Bay,1977-08-24T00:00:00Z,1977,8.297300338745117,106
5786,Sebago Lake,"Gray, Windham",Lower Bay,1978-06-23T00:00:00Z,1978,8.50629997253418,106
5786,Sebago Lake,"Gray, Windham",Lower Bay,1978-06-29T00:00:00Z,1978,9.446800231933594,106
5786,Sebago Lake,"Gray, Windham",Lower Bay,1978-07-02T00:00:00Z,1978,8.924300193786621,106
5786,Sebago Lake,"Gray, Windham",Lower Bay,1978-07-06T00:00:00Z,1978,8.924300193786621,106
5786,Sebago Lake,"Gray, Windham",Lower Bay,1978-07-12T00:00:00Z,1978,8.81980037689209,106
5786,Sebago Lake,"Gray, Windham",Lower Bay,1978-07-18T00:00:00Z,1978,9.133299827575684,106
5786,Sebago Lake,"Gray, Windham",Lower Bay,1978-07-31T00:00:00Z,1978,10.178299903869629,106
5786,Sebago Lake,"Gray, Windham",Lower Bay,1978-08-06T00:00:00Z,1978,11.223299980163574,106
5786,Sebago Lake,"Gray, Windham",Lower Bay,1978-08-25T00:00:00Z,1978,11.850299835205078,106
5786,Sebago Lake,"Gray, Windham",Lower Bay,1978-09-01T00:00:00Z,1978,12.790799140930176,106
5786,Sebago Lake,"Gray, Windham",Lower Bay,1978-09-08T00:00:00Z,1978,9.864800453186035,106
5786,Sebago Lake,"Gray, Windham",Lower Bay,1979-06-22T00:00:00Z,1979,8.297300338745117,106
5786,Sebago Lake,"Gray, Windham",Lower Bay,1979-06-29T00:00:00Z,1979,8.297300338745117,106
5786,Sebago Lake,"Gray, Windham",Lower Bay,1979-07-06T00:00:00Z,1979,8.924300193786621,106
5786,Sebago Lake,"Gray, Windham",Lower Bay,1979-07-12T00:00:00Z,1979,11.536799430847168,106
5786,Sebago Lake,"Gray, Windham",Lower Bay,1979-07-24T00:00:00Z,1979,8.297300338745117,106
5786,Sebago Lake,"Gray, Windham",Lower Bay,1979-07-26T00:00:00Z,1979,8.81980037689209,106
5786,Sebago Lake,"Gray, Windham",Lower Bay,1979-07-30T00:00:00Z,1979,9.237799644470215,106
5786,Sebago Lake,"Gray, Windham",Lower Bay,1979-08-06T00:00:00Z,1979,10.073800086975098,106
5786,Sebago Lake,"Gray, Windham",Lower Bay,1979-08-17T00:00:00Z,1979,8.50629997253418,106
5786,Sebago Lake,"Gray, Windham",Lower Bay,1979-08-20T00:00:00Z,1979,8.610799789428711,106
5786,Sebago Lake,"Gray, Windham",Lower Bay,1979-08-24T00:00:00Z,1979,8.924300193786621,106
5786,Sebago Lake,"Gray, Windham",Lower Bay,1979-08-30T00:00:00Z,1979,8.297300338745117,106
5786,Sebago Lake,"Gray, Windham",Lower Bay,1979-09-17T00:00:00Z,1979,8.19279956817627,106
5786,Sebago Lake,"Gray, Windham",Lower Bay,1979-09-27T00:00:00Z,1979,10.90980052947998,106
5786,Sebago Lake,"Gray, Windham",Lower Bay,1979-10-02T00:00:00Z,1979,11.223299980163574,106
5786,Sebago Lake,"Gray, Windham",Lower Bay,1979-10-10T00:00:00Z,1979,10.59630012512207,106
5786,Sebago Lake,"Gray, Windham",Lower Bay,1979-11-05T00:00:00Z,1979,10.178299903869629,106
5786,Sebago Lake,"Gray, Windham",Lower Bay,1979-12-03T00:00:00Z,1979,12.477300643920898,106
5786,Sebago Lake,"Gray, Windham",Lower Bay,1980-01-02T00:00:00Z,1980,12.477300643920898,106
5786,Sebago Lake,"Gray, Windham",Lower Bay,1980-05-21T00:00:00Z,1980,11.954800605773926,106
5786,Sebago Lake,"Gray, Windham",Lower Bay,1980-06-06T00:00:00Z,1980,11.641300201416016,106
5786,Sebago Lake,"Gray, Windham",Lower Bay,1980-06-18T00:00:00Z,1980,13.940299987792969,106
5786,Sebago Lake,"Gray, Windham",Lower Bay,1980-07-14T00:00:00Z,1980,10.59630012512207,106
5786,Sebago Lake,"Gray, Windham",Lower Bay,1980-08-25T00:00:00Z,1980,11.536799430847168,106
5786,Sebago Lake,"Gray, Windham",Lower Bay,1980-08-26T00:00:00Z,1980,14.358299255371094,106
5786,Sebago Lake,"Gray, Windham",Lower Bay,1980-10-07T00:00:00Z,1980,12.163800239562988,106
5786,Sebago Lake,"Gray, Windham",Lower Bay,1981-05-27T00:00:00Z,1981,9.446800231933594,106
5786,Sebago Lake,"Gray, Windham",Lower Bay,1981-06-05T00:00:00Z,1981,9.551300048828125,106
5786,Sebago Lake,"Gray, Windham",Lower Bay,1981-07-21T00:00:00Z,1981,10.59630012512207,106
5786,Sebago Lake,"Gray, Windham",Lower Bay,1981-07-28T00:00:00Z,1981,10.90980052947998,106
5786,Sebago Lake,"Gray, Windham",Lower Bay,1981-08-07T00:00:00Z,1981,11.536799430847168,106
5786,Sebago Lake,"Gray, Windham",Lower Bay,1981-08-10T00:00:00Z,1981,11.327799797058105,106
5786,Sebago Lake,"Gray, Windham",Lower Bay,1981-08-14T00:00:00Z,1981,11.850299835205078,106
5786,Sebago Lake,"Gray, Windham",Lower Bay,1981-08-19T00:00:00Z,1981,11.850299835205078,106
5786,Sebago Lake,"Gray, Windham",Lower Bay,1981-08-26T00:00:00Z,1981,10.700799942016602,106
5786,Sebago Lake,"Gray, Windham",Lower Bay,1981-09-10T00:00:00Z,1981,11.223299980163574,106
5786,Sebago Lake,"Gray, Windham",Lower Bay,1981-09-24T00:00:00Z,1981,9.864800453186035,106
5786,Sebago Lake,"Gray, Windham",Lower Bay,1981-10-22T00:00:00Z,1981,11.223299980163574,106
5786,Sebago Lake,"Gray, Windham",Lower Bay,1982-05-04T00:00:00Z,1982,10.90980052947998,106
5786,Sebago Lake,"Gray, Windham",Lower Bay,1982-05-27T00:00:00Z,1982,11.223299980163574,106
5786,Sebago Lake,"Gray, Windham",Lower Bay,1982-06-11T00:00:00Z,1982,9.237799644470215,106
5786,Sebago Lake,"Gray, Windham",Lower Bay,1982-06-25T00:00:00Z,1982,7.983800411224365,106
5786,Sebago Lake,"Gray, Windham",Lower Bay,1982-07-13T00:00:00Z,1982,8.924300193786621,106
5786,Sebago Lake,"Gray, Windham",Lower Bay,1982-07-30T00:00:00Z,1982,10.59630012512207,106
5786,Sebago Lake,"Gray, Windham",Lower Bay,1982-08-16T00:00:00Z,1982,12.581799507141113,106
5786,Sebago Lake,"Gray, Windham",Lower Bay,1982-09-08T00:00:00Z,1982,11.850299835205078,106
5786,Sebago Lake,"Gray, Windham",Lower Bay,1982-09-30T00:00:00Z,1982,11.850299835205078,106
5786,Sebago Lake,"Gray, Windham",Lower Bay,1982-10-06T00:00:00Z,1982,12.163800239562988,106
5786,Sebago Lake,"Gray, Windham",Lower Bay,1982-10-28T00:00:00Z,1982,14.044800758361816,106
5786,Sebago Lake,"Gray, Windham",Lower Bay,1983-04-28T00:00:00Z,1983,11.536799430847168,106
5786,Sebago Lake,"Gray, Windham",Lower Bay,1983-06-06T00:00:00Z,1983,9.551300048828125,106
5786,Sebago Lake,"Gray, Windham",Lower Bay,1983-06-29T00:00:00Z,1983,10.178299903869629,106
5786,Sebago Lake,"Gray, Windham",Lower Bay,1983-08-11T00:00:00Z,1983,9.551300048828125,106
5786,Sebago Lake,"Gray, Windham",Lower Bay,1983-08-25T00:00:00Z,1983,11.223299980163574,106
5786,Sebago Lake,"Gray, Windham",Lower Bay,1983-09-09T00:00:00Z,1983,9.551300048828125,106
5786,Sebago Lake,"Gray, Windham",Lower Bay,1983-11-03T00:00:00Z,1983,9.864800453186035,106
5786,Sebago Lake,"Gray, Windham",Lower Bay,1984-06-04T00:00:00Z,1984,8.924300193786621,106
5786,Sebago Lake,"Gray, Windham",Lower Bay,1984-06-05T00:00:00Z,1984,8.924300193786621,106
5786,Sebago Lake,"Gray, Windham",Lower Bay,1984-06-27T00:00:00Z,1984,8.50629997253418,106
5786,Sebago Lake,"Gray, Windham",Lower Bay,1984-06-28T00:00:00Z,1984,8.50629997253418,106
5786,Sebago Lake,"Gray, Windham",Lower Bay,1984-07-13T00:00:00Z,1984,9.864800453186035,106
5786,Sebago Lake,"Gray, Windham",Lower Bay,1984-07-26T00:00:00Z,1984,9.237799644470215,106
5786,Sebago Lake,"Gray, Windham",Lower Bay,1984-08-07T00:00:00Z,1984,7.983800411224365,106
5786,Sebago Lake,"Gray, Windham",Lower Bay,1984-09-13T00:00:00Z,1984,7.670300006866455,106
5786,Sebago Lake,"Gray, Windham",Lower Bay,1984-09-24T00:00:00Z,1984,6.416300296783447,106
5786,Sebago Lake,"Gray, Windham",Lower Bay,1984-10-17T00:00:00Z,1984,8.297300338745117,106
5786,Sebago Lake,"Gray, Windham",Lower Bay,1984-10-29T00:00:00Z,1984,9.237799644470215,106
5786,Sebago Lake,"Gray, Windham",Lower Bay,1985-05-13T00:00:00Z,1985,9.237799644470215,106
5786,Sebago Lake,"Gray, Windham",Lower Bay,1985-05-31T00:00:00Z,1985,10.178299903869629,106
5786,Sebago Lake,"Gray, Windham",Lower Bay,1985-06-17T00:00:00Z,1985,12.477300643920898,106
5786,Sebago Lake,"Gray, Windham",Lower Bay,1985-07-01T00:00:00Z,1985,13.104299545288086,106
5786,Sebago Lake,"Gray, Windham",Lower Bay,1985-07-30T00:00:00Z,1985,12.895299911499023,106
5786,Sebago Lake,"Gray, Windham",Lower Bay,1985-08-07T00:00:00Z,1985,12.895299911499023,106
5786,Sebago Lake,"Gray, Windham",Lower Bay,1985-08-20T00:00:00Z,1985,14.044800758361816,106
5786,Sebago Lake,"Gray, Windham",Lower Bay,1985-09-18T00:00:00Z,1985,11.327799797058105,106
5786,Sebago Lake,"Gray, Windham",Lower Bay,1986-06-05T00:00:00Z,1986,8.924300193786621,106
5786,Sebago Lake,"Gray, Windham",Lower Bay,1986-06-27T00:00:00Z,1986,8.610799789428711,106
5786,Sebago Lake,"Gray, Windham",Lower Bay,1986-07-07T00:00:00Z,1986,10.59630012512207,106
5786,Sebago Lake,"Gray, Windham",Lower Bay,1986-08-01T00:00:00Z,1986,10.90980052947998,106
5786,Sebago Lake,"Gray, Windham",Lower Bay,1986-08-15T00:00:00Z,1986,11.954800605773926,106
5786,Sebago Lake,"Gray, Windham",Lower Bay,1986-09-05T00:00:00Z,1986,11.223299980163574,106
5786,Sebago Lake,"Gray, Windham",Lower Bay,1987-05-29T00:00:00Z,1987,7.983800411224365,106
5786,Sebago Lake,"Gray, Windham",Lower Bay,1987-06-18T00:00:00Z,1987,7.356799602508545,106
5786,Sebago Lake,"Gray, Windham",Lower Bay,1987-07-01T00:00:00Z,1987,8.19279956817627,106
5786,Sebago Lake,"Gray, Windham",Lower Bay,1987-07-22T00:00:00Z,1987,8.297300338745117,106
5786,Sebago Lake,"Gray, Windham",Lower Bay,1987-10-15T00:00:00Z,1987,8.610799789428711,106
5786,Sebago Lake,"Gray, Windham",Lower Bay,1988-07-06T00:00:00Z,1988,9.7602996826171875,106
5786,Sebago Lake,"Gray, Windham",Lower Bay,1988-07-20T00:00:00Z,1988,11.536799430847168,106
5786,Sebago Lake,"Gray, Windham",Lower Bay,1988-08-03T00:00:00Z,1988,10.59630012512207,106
5786,Sebago Lake,"Gray, Windham",Lower Bay,1988-08-24T00:00:00Z,1988,11.327799797058105,106
5786,Sebago Lake,"Gray, Windham",Lower Bay,1988-09-01T00:00:00Z,1988,10.59630012512207,106
5786,Sebago Lake,"Gray, Windham",Lower Bay,1988-10-04T00:00:00Z,1988,10.59630012512207,106
5786,Sebago Lake,"Gray, Windham",Lower Bay,1989-06-19T00:00:00Z,1989,7.983800411224365,106
5786,Sebago Lake,"Gray, Windham",Lower Bay,1989-07-06T00:00:00Z,1989,6.729799747467041,106
5786,Sebago Lake,"Gray, Windham",Lower Bay,1989-07-19T00:00:00Z,1989,7.879299640655518,106
5786,Sebago Lake,"Gray, Windham",Lower Bay,1989-08-03T00:00:00Z,1989,8.81980037689209,106
5786,Sebago Lake,"Gray, Windham",Lower Bay,1989-08-10T00:00:00Z,1989,10.700799942016602,106
5786,Sebago Lake,"Gray, Windham",Lower Bay,1989-08-15T00:00:00Z,1989,9.551300048828125,106
5786,Sebago Lake,"Gray, Windham",Lower Bay,1989-09-19T00:00:00Z,1989,10.59630012512207,106
5786,Sebago Lake,"Gray, Windham",Lower Bay,1989-10-12T00:00:00Z,1989,11.223299980163574,106
5786,Sebago Lake,"Gray, Windham",Lower Bay,1989-10-25T00:00:00Z,1989,12.477300643920898,106
5786,Sebago Lake,"Gray, Windham",Lower Bay,1990-04-13T00:00:00Z,1990,11.494999885559082,106
5786,Sebago Lake,"Gray, Windham",Lower Bay,1990-05-03T00:00:00Z,1990,10.868000030517578,106
5786,Sebago Lake,"Gray, Windham",Lower Bay,1990-05-16T00:00:00Z,1990,10.241000175476074,106
5786,Sebago Lake,"Gray, Windham",Lower Bay,1990-05-29T00:00:00Z,1990,9.509500503540039,106
5786,Sebago Lake,"Gray, Windham",Lower Bay,1990-06-14T00:00:00Z,1990,10.6589994430542,106
5786,Sebago Lake,"Gray, Windham",Lower Bay,1990-06-25T00:00:00Z,1990,9.613999366760254,106
5786,Sebago Lake,"Gray, Windham",Lower Bay,1990-07-09T00:00:00Z,1990,11.077000617980957,106
5786,Sebago Lake,"Gray, Windham",Lower Bay,1990-07-24T00:00:00Z,1990,12.017499923706055,106
5786,Sebago Lake,"Gray, Windham",Lower Bay,1990-08-06T00:00:00Z,1990,11.703999519348145,106
5786,Sebago Lake,"Gray, Windham",Lower Bay,1990-08-21T00:00:00Z,1990,11.28600025177002,106
5786,Sebago Lake,"Gray, Windham",Lower Bay,1990-09-04T00:00:00Z,1990,11.59950065612793,106
5786,Sebago Lake,"Gray, Windham",Lower Bay,1990-09-19T00:00:00Z,1990,10.241000175476074,106
5786,Sebago Lake,"Gray, Windham",Lower Bay,1990-10-03T00:00:00Z,1990,11.077000617980957,106
5786,Sebago Lake,"Gray, Windham",Lower Bay,1990-10-17T00:00:00Z,1990,12.331000328063965,106
5786,Sebago Lake,"Gray, Windham",Lower Bay,1990-11-01T00:00:00Z,1990,10.763500213623047,106
5786,Sebago Lake,"Gray, Windham",Lower Bay,1991-04-19T00:00:00Z,1991,11.703999519348145,106
5786,Sebago Lake,"Gray, Windham",Lower Bay,1991-05-13T00:00:00Z,1991,11.494999885559082,106
5786,Sebago Lake,"Gray, Windham",Lower Bay,1991-05-29T00:00:00Z,1991,9.718500137329102,106
5786,Sebago Lake,"Gray, Windham",Lower Bay,1991-06-19T00:00:00Z,1991,9.30049991607666,106
5786,Sebago Lake,"Gray, Windham",Lower Bay,1991-07-02T00:00:00Z,1991,13.585000038146973,106
5786,Sebago Lake,"Gray, Windham",Lower Bay,1991-07-16T00:00:00Z,1991,14.212000846862793,106
5786,Sebago Lake,"Gray, Windham",Lower Bay,1991-07-30T00:00:00Z,1991,11.912999153137207,106
5786,Sebago Lake,"Gray, Windham",Lower Bay,1991-08-13T00:00:00Z,1991,14.630000114440918,106
5786,Sebago Lake,"Gray, Windham",Lower Bay,1991-08-27T00:00:00Z,1991,9.822999954223633,106
5786,Sebago Lake,"Gray, Windham",Lower Bay,1991-09-10T00:00:00Z,1991,10.345499992370605,106
5786,Sebago Lake,"Gray, Windham",Lower Bay,1991-09-24T00:00:00Z,1991,8.359999656677246,106
5786,Sebago Lake,"Gray, Windham",Lower Bay,1991-10-08T00:00:00Z,1991,11.181499481201172,106
5786,Sebago Lake,"Gray, Windham",Lower Bay,1991-10-24T00:00:00Z,1991,11.181499481201172,106
5786,Sebago Lake,"Gray, Windham",Lower Bay,1991-11-06T00:00:00Z,1991,10.763500213623047,106
5786,Sebago Lake,"Gray, Windham",Lower Bay,1992-04-28T00:00:00Z,1992,11.077000617980957,106
5786,Sebago Lake,"Gray, Windham",Lower Bay,1992-05-11T00:00:00Z,1992,10.6589994430542,106
5786,Sebago Lake,"Gray, Windham",Lower Bay,1992-05-29T00:00:00Z,1992,10.868000030517578,106
5786,Sebago Lake,"Gray, Windham",Lower Bay,1992-06-08T00:00:00Z,1992,11.077000617980957,106
5786,Sebago Lake,"Gray, Windham",Lower Bay,1992-07-14T00:00:00Z,1992,11.912999153137207,106
5786,Sebago Lake,"Gray, Windham",Lower Bay,1992-07-28T00:00:00Z,1992,13.585000038146973,106
5786,Sebago Lake,"Gray, Windham",Lower Bay,1992-08-13T00:00:00Z,1992,11.28600025177002,106
5786,Sebago Lake,"Gray, Windham",Lower Bay,1992-08-25T00:00:00Z,1992,10.241000175476074,106
5786,Sebago Lake,"Gray, Windham",Lower Bay,1992-09-15T00:00:00Z,1992,9.927499771118164,106
5786,Sebago Lake,"Gray, Windham",Lower Bay,1992-09-29T00:00:00Z,1992,12.539999961853027,106
5786,Sebago Lake,"Gray, Windham",Lower Bay,1992-10-15T00:00:00Z,1992,12.957999229431152,106
5786,Sebago Lake,"Gray, Windham",Lower Bay,1992-10-23T00:00:00Z,1992,14.107500076293945,106
5786,Sebago Lake,"Gray, Windham",Lower Bay,1992-10-28T00:00:00Z,1992,13.68950080871582,106
5786,Sebago Lake,"Gray, Windham",Lower Bay,1993-05-04T00:00:00Z,1993,12.43549919128418,106
5786,Sebago Lake,"Gray, Windham",Lower Bay,1993-05-17T00:00:00Z,1993,11.077000617980957,106
5786,Sebago Lake,"Gray, Windham",Lower Bay,1993-06-08T00:00:00Z,1993,11.494999885559082,106
5786,Sebago Lake,"Gray, Windham",Lower Bay,1993-06-22T00:00:00Z,1993,11.28600025177002,106
5786,Sebago Lake,"Gray, Windham",Lower Bay,1993-07-06T00:00:00Z,1993,14.630000114440918,106
5786,Sebago Lake,"Gray, Windham",Lower Bay,1993-07-19T00:00:00Z,1993,13.37600040435791,106
5786,Sebago Lake,"Gray, Windham",Lower Bay,1993-08-03T00:00:00Z,1993,14.212000846862793,106
5786,Sebago Lake,"Gray, Windham",Lower Bay,1993-08-16T00:00:00Z,1993,14.107500076293945,106
5786,Sebago Lake,"Gray, Windham",Lower Bay,1993-09-08T00:00:00Z,1993,10.449999809265137,106
5786,Sebago Lake,"Gray, Windham",Lower Bay,1993-09-23T00:00:00Z,1993,9.613999366760254,106
5786,Sebago Lake,"Gray, Windham",Lower Bay,1993-10-08T00:00:00Z,1993,10.6589994430542,106
5786,Sebago Lake,"Gray, Windham",Lower Bay,1993-10-19T00:00:00Z,1993,11.808500289916992,106
5786,Sebago Lake,"Gray, Windham",Lower Bay,1993-11-03T00:00:00Z,1993,12.122000694274902,106
5786,Sebago Lake,"Gray, Windham",Lower Bay,1994-05-03T00:00:00Z,1994,14.107500076293945,106
5786,Sebago Lake,"Gray, Windham",Lower Bay,1994-05-24T00:00:00Z,1994,12.853500366210938,106
5786,Sebago Lake,"Gray, Windham",Lower Bay,1994-06-03T00:00:00Z,1994,11.703999519348145,106
5786,Sebago Lake,"Gray, Windham",Lower Bay,1994-06-13T00:00:00Z,1994,12.74899959564209,106
5786,Sebago Lake,"Gray, Windham",Lower Bay,1994-06-29T00:00:00Z,1994,12.017499923706055,106
5786,Sebago Lake,"Gray, Windham",Lower Bay,1994-07-14T00:00:00Z,1994,14.212000846862793,106
5786,Sebago Lake,"Gray, Windham",Lower Bay,1994-07-25T00:00:00Z,1994,13.480499267578125,106
5786,Sebago Lake,"Gray, Windham",Lower Bay,1994-08-08T00:00:00Z,1994,14.107500076293945,106
5786,Sebago Lake,"Gray, Windham",Lower Bay,1994-08-22T00:00:00Z,1994,11.912999153137207,106
5786,Sebago Lake,"Gray, Windham",Lower Bay,1994-09-09T00:00:00Z,1994,10.449999809265137,106
5786,Sebago Lake,"Gray, Windham",Lower Bay,1994-09-21T00:00:00Z,1994,11.912999153137207,106
5786,Sebago Lake,"Gray, Windham",Lower Bay,1994-10-05T00:00:00Z,1994,11.59950065612793,106
5786,Sebago Lake,"Gray, Windham",Lower Bay,1994-10-17T00:00:00Z,1994,12.74899959564209,106
5786,Sebago Lake,"Gray, Windham",Lower Bay,1994-10-31T00:00:00Z,1994,12.226499557495117,106
5786,Sebago Lake,"Gray, Windham",Lower Bay,1994-11-08T00:00:00Z,1994,12.331000328063965,106
5786,Sebago Lake,"Gray, Windham",Lower Bay,1994-11-14T00:00:00Z,1994,12.226499557495117,106
5786,Sebago Lake,"Gray, Windham",Lower Bay,1995-04-24T00:00:00Z,1995,11.912999153137207,106
5786,Sebago Lake,"Gray, Windham",Lower Bay,1995-05-09T00:00:00Z,1995,8.987000465393066,106
5786,Sebago Lake,"Gray, Windham",Lower Bay,1995-05-22T00:00:00Z,1995,11.494999885559082,106
5786,Sebago Lake,"Gray, Windham",Lower Bay,1995-06-05T00:00:00Z,1995,11.912999153137207,106
5786,Sebago Lake,"Gray, Windham",Lower Bay,1995-06-21T00:00:00Z,1995,12.74899959564209,106
5786,Sebago Lake,"Gray, Windham",Lower Bay,1995-07-05T00:00:00Z,1995,14.943500518798828,106
5786,Sebago Lake,"Gray, Windham",Lower Bay,1995-07-18T00:00:00Z,1995,13.271499633789062,106
5786,Sebago Lake,"Gray, Windham",Lower Bay,1995-07-31T00:00:00Z,1995,13.793999671936035,106
5786,Sebago Lake,"Gray, Windham",Lower Bay,1995-08-21T00:00:00Z,1995,10.136499404907227,106
5786,Sebago Lake,"Gray, Windham",Lower Bay,1995-09-06T00:00:00Z,1995,10.241000175476074,106
5786,Sebago Lake,"Gray, Windham",Lower Bay,1995-09-19T00:00:00Z,1995,11.39050006866455,106
5786,Sebago Lake,"Gray, Windham",Lower Bay,1995-10-02T00:00:00Z,1995,10.136499404907227,106
5786,Sebago Lake,"Gray, Windham",Lower Bay,1995-10-19T00:00:00Z,1995,10.345499992370605,106
5786,Sebago Lake,"Gray, Windham",Lower Bay,1996-04-19T00:00:00Z,1996,11.494999885559082,106
5786,Sebago Lake,"Gray, Windham",Lower Bay,1996-05-01T00:00:00Z,1996,11.181499481201172,106
5786,Sebago Lake,"Gray, Windham",Lower Bay,1996-05-14T00:00:00Z,1996,11.494999885559082,106
5786,Sebago Lake,"Gray, Windham",Lower Bay,1996-05-29T00:00:00Z,1996,11.181499481201172,106
5786,Sebago Lake,"Gray, Windham",Lower Bay,1996-06-11T00:00:00Z,1996,10.97249984741211,106
5786,Sebago Lake,"Gray, Windham",Lower Bay,1996-06-25T00:00:00Z,1996,10.449999809265137,106
5786,Sebago Lake,"Gray, Windham",Lower Bay,1996-07-09T00:00:00Z,1996,10.97249984741211,106
5786,Sebago Lake,"Gray, Windham",Lower Bay,1996-07-23T00:00:00Z,1996,10.449999809265137,106
5786,Sebago Lake,"Gray, Windham",Lower Bay,1996-08-06T00:00:00Z,1996,11.181499481201172,106
5786,Sebago Lake,"Gray, Windham",Lower Bay,1996-08-20T00:00:00Z,1996,12.122000694274902,106
5786,Sebago Lake,"Gray, Windham",Lower Bay,1996-09-04T00:00:00Z,1996,12.331000328063965,106
5786,Sebago Lake,"Gray, Windham",Lower Bay,1996-09-16T00:00:00Z,1996,10.97249984741211,106
5786,Sebago Lake,"Gray, Windham",Lower Bay,1996-10-02T00:00:00Z,1996,10.449999809265137,106
5786,Sebago Lake,"Gray, Windham",Lower Bay,1997-04-30T00:00:00Z,1997,9.399999618530273,106
5786,Sebago Lake,"Gray, Windham",Lower Bay,1997-05-19T00:00:00Z,1997,7.400000095367432,106
5786,Sebago Lake,"Gray, Windham",Lower Bay,1997-06-11T00:00:00Z,1997,9,106
5786,Sebago Lake,"Gray, Windham",Lower Bay,1997-07-10T00:00:00Z,1997,10.300000190734863,106
5786,Sebago Lake,"Gray, Windham",Lower Bay,1997-08-07T00:00:00Z,1997,12.199999809265137,106
5786,Sebago Lake,"Gray, Windham",Lower Bay,1997-09-10T00:00:00Z,1997,9.800000190734863,106
5786,Sebago Lake,"Gray, Windham",Lower Bay,1997-10-08T00:00:00Z,1997,9.399999618530273,106
5786,Sebago Lake,"Gray, Windham",Lower Bay,1997-11-05T00:00:00Z,1997,9.699999809265137,106
5786,Sebago Lake,"Gray, Windham",Lower Bay,1998-05-21T00:00:00Z,1998,9.5,106
5786,Sebago Lake,"Gray, Windham",Lower Bay,1998-06-23T00:00:00Z,1998,7.800000190734863,106
5786,Sebago Lake,"Gray, Windham",Lower Bay,1998-07-07T00:00:00Z,1998,5.900000095367432,106
5786,Sebago Lake,"Gray, Windham",Lower Bay,1998-08-04T00:00:00Z,1998,6.099999904632568,106
5786,Sebago Lake,"Gray, Windham",Lower Bay,1998-09-17T00:00:00Z,1998,8.399999618530273,106
5786,Sebago Lake,"Gray, Windham",Lower Bay,1998-10-13T00:00:00Z,1998,7.699999809265137,106
5786,Sebago Lake,"Gray, Windham",Lower Bay,1998-11-03T00:00:00Z,1998,8,106
5786,Sebago Lake,"Gray, Windham",Lower Bay,1999-04-20T00:00:00Z,1999,8.600000381469727,106
5786,Sebago Lake,"Gray, Windham",Lower Bay,1999-05-11T00:00:00Z,1999,8.300000190734863,106
5786,Sebago Lake,"Gray, Windham",Lower Bay,1999-06-07T00:00:00Z,1999,7.599999904632568,106
5786,Sebago Lake,"Gray, Windham",Lower Bay,1999-08-12T00:00:00Z,1999,10.5,106
5786,Sebago Lake,"Gray, Windham",Lower Bay,1999-09-14T00:00:00Z,1999,9.100000381469727,106
5786,Sebago Lake,"Gray, Windham",Lower Bay,1999-10-19T00:00:00Z,1999,10.100000381469727,106
5786,Sebago Lake,"Gray, Windham",Lower Bay,2000-04-18T00:00:00Z,2000,9.699999809265137,106
5786,Sebago Lake,"Gray, Windham",Lower Bay,2000-05-10T00:00:00Z,2000,8.399999618530273,106
5786,Sebago Lake,"Gray, Windham",Lower Bay,2000-06-08T00:00:00Z,2000,10.199999809265137,106
5786,Sebago Lake,"Gray, Windham",Lower Bay,2000-07-10T00:00:00Z,2000,11.699999809265137,106
5786,Sebago Lake,"Gray, Windham",Lower Bay,2000-08-02T00:00:00Z,2000,10.800000190734863,106
5786,Sebago Lake,"Gray, Windham",Lower Bay,2000-09-12T00:00:00Z,2000,11,106
5786,Sebago Lake,"Gray, Windham",Lower Bay,2000-10-12T00:00:00Z,2000,11.800000190734863,106
5786,Sebago Lake,"Gray, Windham",Lower Bay,2000-11-08T00:00:00Z,2000,10.399999618530273,106
5786,Sebago Lake,"Gray, Windham",Lower Bay,2001-05-29T00:00:00Z,2001,10.199999809265137,106
5786,Sebago Lake,"Gray, Windham",Lower Bay,2001-06-12T00:00:00Z,2001,9.899999618530273,106
5786,Sebago Lake,"Gray, Windham",Lower Bay,2001-07-30T00:00:00Z,2001,10.100000381469727,106
5786,Sebago Lake,"Gray, Windham",Lower Bay,2001-08-21T00:00:00Z,2001,8.5,106
5786,Sebago Lake,"Gray, Windham",Lower Bay,2001-09-26T00:00:00Z,2001,9.899999618530273,106
5786,Sebago Lake,"Gray, Windham",Lower Bay,2001-10-16T00:00:00Z,2001,11.399999618530273,106
5786,Sebago Lake,"Gray, Windham",Lower Bay,2001-11-15T00:00:00Z,2001,12.5,106
5786,Sebago Lake,"Gray, Windham",Lower Bay,2002-05-29T00:00:00Z,2002,11,106
5786,Sebago Lake,"Gray, Windham",Lower Bay,2002-06-20T00:00:00Z,2002,10.199999809265137,106
5786,Sebago Lake,"Gray, Windham",Lower Bay,2002-07-24T00:00:00Z,2002,12.5,106
5786,Sebago Lake,"Gray, Windham",Lower Bay,2002-08-30T00:00:00Z,2002,12.899999618530273,106
5786,Sebago Lake,"Gray, Windham",Lower Bay,2002-09-25T00:00:00Z,2002,10.5,106
5786,Sebago Lake,"Gray, Windham",Lower Bay,2002-10-10T00:00:00Z,2002,10.600000381469727,106
5786,Sebago Lake,"Gray, Windham",Lower Bay,2002-11-20T00:00:00Z,2002,12.5,106
5786,Sebago Lake,"Gray, Windham",Lower Bay,2003-05-19T00:00:00Z,2003,11,106
5786,Sebago Lake,"Gray, Windham",Lower Bay,2003-06-25T00:00:00Z,2003,11,106
5786,Sebago Lake,"Gray, Windham",Lower Bay,2003-08-05T00:00:00Z,2003,12,106
5786,Sebago Lake,"Gray, Windham",Lower Bay,2003-08-26T00:00:00Z,2003,10.800000190734863,106
5786,Sebago Lake,"Gray, Windham",Lower Bay,2003-09-30T00:00:00Z,2003,10.899999618530273,106
5786,Sebago Lake,"Gray, Windham",Lower Bay,2003-10-31T00:00:00Z,2003,10.600000381469727,106
5786,Sebago Lake,"Gray, Windham",Lower Bay,2004-05-25T00:00:00Z,2004,9.699999809265137,106
5786,Sebago Lake,"Gray, Windham",Lower Bay,2004-06-08T00:00:00Z,2004,10.399999618530273,106
5786,Sebago Lake,"Gray, Windham",Lower Bay,2004-07-29T00:00:00Z,2004,12.699999809265137,106
5786,Sebago Lake,"Gray, Windham",Lower Bay,2004-08-10T00:00:00Z,2004,12.899999618530273,106
5786,Sebago Lake,"Gray, Windham",Lower Bay,2004-09-30T00:00:00Z,2004,13,106
5786,Sebago Lake,"Gray, Windham",Lower Bay,2004-10-29T00:00:00Z,2004,13.5,106
5786,Sebago Lake,"Gray, Windham",Lower Bay,2005-05-19T00:00:00Z,2005,9.5,106
5786,Sebago Lake,"Gray, Windham",Lower Bay,2005-06-30T00:00:00Z,2005,7.900000095367432,106
5786,Sebago Lake,"Gray, Windham",Lower Bay,2005-08-02T00:00:00Z,2005,7.800000190734863,106
5786,Sebago Lake,"Gray, Windham",Lower Bay,2005-08-23T00:00:00Z,2005,9.300000190734863,106
5786,Sebago Lake,"Gray, Windham",Lower Bay,2005-09-21T00:00:00Z,2005,10.100000381469727,106
5786,Sebago Lake,"Gray, Windham",Lower Bay,2005-11-15T00:00:00Z,2005,9.100000381469727,106
5786,Sebago Lake,"Gray, Windham",Lower Bay,2006-05-25T00:00:00Z,2006,8.899999618530273,106
5786,Sebago Lake,"Gray, Windham",Lower Bay,2006-06-20T00:00:00Z,2006,8.100000381469727,106
5786,Sebago Lake,"Gray, Windham",Lower Bay,2006-07-18T00:00:00Z,2006,8.100000381469727,106
5786,Sebago Lake,"Gray, Windham",Lower Bay,2006-08-09T00:00:00Z,2006,9.399999618530273,106
5786,Sebago Lake,"Gray, Windham",Lower Bay,2006-09-14T00:00:00Z,2006,7.900000095367432,106
5786,Sebago Lake,"Gray, Windham",Lower Bay,2006-10-17T00:00:00Z,2006,7.699999809265137,106
5786,Sebago Lake,"Gray, Windham",Lower Bay,2007-05-24T00:00:00Z,2007,9,106
5786,Sebago Lake,"Gray, Windham",Lower Bay,2007-06-26T00:00:00Z,2007,9.399999618530273,106
5786,Sebago Lake,"Gray, Windham",Lower Bay,2007-07-26T00:00:00Z,2007,9.300000190734863,106
5786,Sebago Lake,"Gray, Windham",Lower Bay,2007-08-21T00:00:00Z,2007,9.699999809265137,106
5786,Sebago Lake,"Gray, Windham",Lower Bay,2007-09-11T00:00:00Z,2007,8.199999809265137,106
5786,Sebago Lake,"Gray, Windham",Lower Bay,2007-10-24T00:00:00Z,2007,9.100000381469727,106
5786,Sebago Lake,"Gray, Windham",Lower Bay,2008-05-30T00:00:00Z,2008,10.199999809265137,106
5786,Sebago Lake,"Gray, Windham",Lower Bay,2008-06-10T00:00:00Z,2008,11.199999809265137,106
5786,Sebago Lake,"Gray, Windham",Lower Bay,2008-07-30T00:00:00Z,2008,12.600000381469727,106
5786,Sebago Lake,"Gray, Windham",Lower Bay,2008-08-14T00:00:00Z,2008,11.5,106
5786,Sebago Lake,"Gray, Windham",Lower Bay,2008-09-24T00:00:00Z,2008,9.699999809265137,106
5786,Sebago Lake,"Gray, Windham",Lower Bay,2008-10-28T00:00:00Z,2008,9.199999809265137,106
5786,Sebago Lake,"Gray, Windham",Lower Bay,2009-05-20T00:00:00Z,2009,9.199999809265137,106
5786,Sebago Lake,"Gray, Windham",Lower Bay,2009-06-17T00:00:00Z,2009,8.899999618530273,106
5786,Sebago Lake,"Gray, Windham",Lower Bay,2009-07-21T00:00:00Z,2009,9.199999809265137,106
5786,Sebago Lake,"Gray, Windham",Lower Bay,2009-08-25T00:00:00Z,2009,9.399999618530273,106
5786,Sebago Lake,"Gray, Windham",Lower Bay,2009-09-17T00:00:00Z,2009,8.800000190734863,106
5786,Sebago Lake,"Gray, Windham",Lower Bay,2009-10-21T00:00:00Z,2009,9.399999618530273,106
5786,Sebago Lake,"Gray, Windham",Lower Bay,2010-05-24T00:00:00Z,2010,9.899999618530273,106
5786,Sebago Lake,"Gray, Windham",Lower Bay,2010-06-22T00:00:00Z,2010,9.5,106
5786,Sebago Lake,"Gray, Windham",Lower Bay,2010-07-15T00:00:00Z,2010,9.600000381469727,106
5786,Sebago Lake,"Gray, Windham",Lower Bay,2010-08-27T00:00:00Z,2010,9.699999809265137,106
5786,Sebago Lake,"Gray, Windham",Lower Bay,2010-09-28T00:00:00Z,2010,9.5,106
5786,Sebago Lake,"Gray, Windham",Lower Bay,2010-10-13T00:00:00Z,2010,9.800000190734863,106
5786,Sebago Lake,"Gray, Windham",Lower Bay,2011-05-20T00:00:00Z,2011,8.600000381469727,106
5786,Sebago Lake,"Gray, Windham",Lower Bay,2011-06-21T00:00:00Z,2011,9.300000190734863,106
5786,Sebago Lake,"Gray, Windham",Lower Bay,2011-07-25T00:00:00Z,2011,11.5,106
5786,Sebago Lake,"Gray, Windham",Lower Bay,2011-08-18T00:00:00Z,2011,11.5,106
5786,Sebago Lake,"Gray, Windham",Lower Bay,2011-09-12T00:00:00Z,2011,9.5,106
5786,Sebago Lake,"Gray, Windham",Lower Bay,2011-10-11T00:00:00Z,2011,9.899999618530273,106
5786,Sebago Lake,"Gray, Windham",Lower Bay,2012-04-04T00:00:00Z,2012,10.800000190734863,106
5786,Sebago Lake,"Gray, Windham",Lower Bay,2012-04-20T00:00:00Z,2012,10.600000381469727,106
5786,Sebago Lake,"Gray, Windham",Lower Bay,2012-04-25T00:00:00Z,2012,10.399999618530273,106
5786,Sebago Lake,"Gray, Windham",Lower Bay,2012-05-21T00:00:00Z,2012,10.800000190734863,106
5786,Sebago Lake,"Gray, Windham",Lower Bay,2012-06-22T00:00:00Z,2012,9.199999809265137,106
5786,Sebago Lake,"Gray, Windham",Lower Bay,2012-07-26T00:00:00Z,2012,8.800000190734863,106
5786,Sebago Lake,"Gray, Windham",Lower Bay,2012-08-14T00:00:00Z,2012,8,106
5786,Sebago Lake,"Gray, Windham",Lower Bay,2012-10-02T00:00:00Z,2012,9.399999618530273,106
5786,Sebago Lake,"Gray, Windham",Lower Bay,2012-10-18T00:00:00Z,2012,10.399999618530273,106
5786,Sebago Lake,"Gray, Windham",Lower Bay,2013-05-22T00:00:00Z,2013,8.899999618530273,106
5786,Sebago Lake,"Gray, Windham",Lower Bay,2013-06-14T00:00:00Z,2013,8.899999618530273,106
5786,Sebago Lake,"Gray, Windham",Lower Bay,2013-07-31T00:00:00Z,2013,11,106
5786,Sebago Lake,"Gray, Windham",Lower Bay,2013-08-26T00:00:00Z,2013,7.900000095367432,106
5786,Sebago Lake,"Gray, Windham",Lower Bay,2013-09-30T00:00:00Z,2013,9,106
5786,Sebago Lake,"Gray, Windham",Lower Bay,2013-10-21T00:00:00Z,2013,8.899999618530273,106
5786,Sebago Lake,"Gray, Windham",Lower Bay,2014-05-13T00:00:00Z,2014,8.800000190734863,106
5786,Sebago Lake,"Gray, Windham",Lower Bay,2014-06-17T00:00:00Z,2014,11.199999809265137,106
5786,Sebago Lake,"Gray, Windham",Lower Bay,2014-07-15T00:00:00Z,2014,9.199999809265137,106
5786,Sebago Lake,"Gray, Windham",Lower Bay,2014-08-21T00:00:00Z,2014,8.800000190734863,106
5786,Sebago Lake,"Gray, Windham",Lower Bay,2014-09-25T00:00:00Z,2014,9.5,106
5786,Sebago Lake,"Gray, Windham",Lower Bay,2014-10-29T00:00:00Z,2014,10.300000190734863,106
5786,Sebago Lake,"Gray, Windham",Lower Bay,2015-05-29T00:00:00Z,2015,11.5,106
5786,Sebago Lake,"Gray, Windham",Lower Bay,2015-06-24T00:00:00Z,2015,13,106
5786,Sebago Lake,"Gray, Windham",Lower Bay,2015-07-17T00:00:00Z,2015,13,106
5786,Sebago Lake,"Gray, Windham",Lower Bay,2015-07-28T00:00:00Z,2015,13.899999618530273,106
5786,Sebago Lake,"Gray, Windham",Lower Bay,2015-08-13T00:00:00Z,2015,12.5,106
5786,Sebago Lake,"Gray, Windham",Lower Bay,2015-09-25T00:00:00Z,2015,11.300000190734863,106
5786,Sebago Lake,"Gray, Windham",Lower Bay,2015-10-15T00:00:00Z,2015,12.199999809265137,106
5786,Sebago Lake,"Gray, Windham",Lower Bay,2016-05-20T00:00:00Z,2016,10.800000190734863,106
5786,Sebago Lake,"Gray, Windham",Lower Bay,2016-06-16T00:00:00Z,2016,9.5,106
5786,Sebago Lake,"Gray, Windham",Lower Bay,2016-07-12T00:00:00Z,2016,12.399999618530273,106
5786,Sebago Lake,"Gray, Windham",Lower Bay,2016-08-24T00:00:00Z,2016,10.600000381469727,106
5786,Sebago Lake,"Gray, Windham",Lower Bay,2016-09-26T00:00:00Z,2016,11.100000381469727,106
5786,Sebago Lake,"Gray, Windham",Lower Bay,2016-10-05T00:00:00Z,2016,12.5,106
5786,Sebago Lake,"Gray, Windham",Lower Bay,2016-10-13T00:00:00Z,2016,11.399999618530273,106
5786,Sebago Lake,"Gray, Windham",Lower Bay,2017-05-24T00:00:00Z,2017,9.800000190734863,106
5786,Sebago Lake,"Gray, Windham",Lower Bay,2017-06-23T00:00:00Z,2017,9.600000381469727,106
5786,Sebago Lake,"Gray, Windham",Lower Bay,2017-07-19T00:00:00Z,2017,11.199999809265137,106
5786,Sebago Lake,"Gray, Windham",Lower Bay,2017-08-21T00:00:00Z,2017,8,106
5786,Sebago Lake,"Gray, Windham",Lower Bay,2017-09-26T00:00:00Z,2017,10.800000190734863,106
5786,Sebago Lake,"Gray, Windham",Lower Bay,2017-10-23T00:00:00Z,2017,10.399999618530273,106
5786,Sebago Lake,"Gray, Windham",Lower Bay,2018-05-07T00:00:00Z,2018,11.600000381469727,106
5786,Sebago Lake,"Gray, Windham",Lower Bay,2018-05-22T00:00:00Z,2018,9.199999809265137,106
5786,Sebago Lake,"Gray, Windham",Lower Bay,2018-06-22T00:00:00Z,2018,12.600000381469727,106
5786,Sebago Lake,"Gray, Windham",Lower Bay,2018-07-19T00:00:00Z,2018,14.699999809265137,106
5786,Sebago Lake,"Gray, Windham",Lower Bay,2018-08-15T00:00:00Z,2018,9.5,106
5786,Sebago Lake,"Gray, Windham",Lower Bay,2018-09-10T00:00:00Z,2018,10.600000381469727,106
5786,Sebago Lake,"Gray, Windham",Lower Bay,2018-10-15T00:00:00Z,2018,11.699999809265137,106
5786,Sebago Lake,"Gray, Windham",Wards Cove,2000-04-25T00:00:00Z,2000,10.899999618530273,107
5786,Sebago Lake,"Gray, Windham",Wards Cove,2000-05-16T00:00:00Z,2000,7.800000190734863,107
5786,Sebago Lake,"Gray, Windham",Wards Cove,2000-06-14T00:00:00Z,2000,9.600000381469727,107
5786,Sebago Lake,"Gray, Windham",Wards Cove,2000-07-26T00:00:00Z,2000,10.600000381469727,107
5786,Sebago Lake,"Gray, Windham",Wards Cove,2000-08-22T00:00:00Z,2000,12,107
5786,Sebago Lake,"Gray, Windham",Wards Cove,2000-09-27T00:00:00Z,2000,11.5,107
5786,Sebago Lake,"Gray, Windham",Wards Cove,2000-10-17T00:00:00Z,2000,11.699999809265137,107
5786,Sebago Lake,"Gray, Windham",Wards Cove,2000-11-09T00:00:00Z,2000,11.199999809265137,107
5786,Sebago Lake,"Gray, Windham",Wards Cove,2001-05-23T00:00:00Z,2001,8.800000190734863,107
5786,Sebago Lake,"Gray, Windham",Wards Cove,2001-06-19T00:00:00Z,2001,10.5,107
5786,Sebago Lake,"Gray, Windham",Wards Cove,2001-07-25T00:00:00Z,2001,9.5,107
5786,Sebago Lake,"Gray, Windham",Wards Cove,2001-08-22T00:00:00Z,2001,8.699999809265137,107
5786,Sebago Lake,"Gray, Windham",Wards Cove,2002-06-18T00:00:00Z,2002,10.800000190734863,107
5786,Sebago Lake,"Gray, Windham",Wards Cove,2002-07-31T00:00:00Z,2002,12.600000381469727,107
5786,Sebago Lake,"Gray, Windham",Wards Cove,2002-08-26T00:00:00Z,2002,12.100000381469727,107
5786,Sebago Lake,"Gray, Windham",Wards Cove,2002-09-19T00:00:00Z,2002,9.899999618530273,107
5786,Sebago Lake,"Gray, Windham",Wards Cove,2002-10-15T00:00:00Z,2002,12,107
5786,Sebago Lake,"Gray, Windham",Wards Cove,2002-11-20T00:00:00Z,2002,13.100000381469727,107
5786,Sebago Lake,"Gray, Windham",Wards Cove,2003-05-29T00:00:00Z,2003,9.5,107
5786,Sebago Lake,"Gray, Windham",Wards Cove,2003-06-17T00:00:00Z,2003,9.5,107
5786,Sebago Lake,"Gray, Windham",Wards Cove,2003-07-29T00:00:00Z,2003,13.5,107
5786,Sebago Lake,"Gray, Windham",Wards Cove,2003-08-20T00:00:00Z,2003,9.800000190734863,107
5786,Sebago Lake,"Gray, Windham",Wards Cove,2003-10-07T00:00:00Z,2003,9.899999618530273,107
5786,Sebago Lake,"Gray, Windham",Wards Cove,2003-10-31T00:00:00Z,2003,10.300000190734863,107
5786,Sebago Lake,"Gray, Windham",Wards Cove,2004-05-12T00:00:00Z,2004,11.100000381469727,107
5786,Sebago Lake,"Gray, Windham",Wards Cove,2004-06-23T00:00:00Z,2004,12,107
5786,Sebago Lake,"Gray, Windham",Wards Cove,2004-07-27T00:00:00Z,2004,10.25,107
5786,Sebago Lake,"Gray, Windham",Wards Cove,2004-08-17T00:00:00Z,2004,11.699999809265137,107
5786,Sebago Lake,"Gray, Windham",Wards Cove,2004-09-27T00:00:00Z,2004,12.600000381469727,107
5786,Sebago Lake,"Gray, Windham",Wards Cove,2004-10-29T00:00:00Z,2004,10.399999618530273,107
5786,Sebago Lake,"Gray, Windham",Wards Cove,2005-05-18T00:00:00Z,2005,9.5,107
5786,Sebago Lake,"Gray, Windham",Wards Cove,2005-06-30T00:00:00Z,2005,7.900000095367432,107
5786,Sebago Lake,"Gray, Windham",Wards Cove,2005-07-20T00:00:00Z,2005,10,107
5786,Sebago Lake,"Gray, Windham",Wards Cove,2005-09-06T00:00:00Z,2005,8.800000190734863,107
5786,Sebago Lake,"Gray, Windham",Wards Cove,2005-09-28T00:00:00Z,2005,10.300000190734863,107
5786,Sebago Lake,"Gray, Windham",Wards Cove,2005-10-31T00:00:00Z,2005,9.600000381469727,107
